INSERT INTO customer VALUES 
(1,'Suresh','Raju','suresh@example.com','password123','1234567890','2024-01-01'),
(2,'Bhanu','Gadde','bhanu@example.com','password456','0987654321','2024-02-01'),
(3,'Bhavani','Navari','bhavani@example.com','password789','5551234567','2024-03-01'),
(4,'praveen','lokavarapu','praveen@example.com','password321','4449876543','2024-04-01'),
(5,'Pavan','Sagi','pavan@example.com','password654','3336669999','2024-05-01'),
(6,'Preetham','Reddy','preetham@example.com','12345','4354354354',NULL);


INSERT INTO address (AptNumber, city, state, zipcode) VALUES
('A1', 'New York', 'NY', '10001'),
('B2', 'Los Angeles', 'CA', '90001'),
('C3', 'Chicago', 'IL', '60601'),
('D4', 'Houston', 'TX', '77001'),
('E5', 'Phoenix', 'AZ', '85001'),
('1020','Denton','Florida','76204');

INSERT INTO cust_address (customer_id, address_id) VALUES
(1, 6),
(2, 2),
(3, 3),
(4, 4),
(5, 5);

INSERT INTO admin (adminName, email, password) VALUES
('Admin1', 'admin1@example.com', 'adminpass1'),
('Admin2', 'admin2@example.com', 'adminpass2'),
('Admin3', 'admin3@example.com', 'adminpass3'),
('Admin4', 'admin4@example.com', 'adminpass4'),
('Admin5', 'admin5@example.com', 'adminpass5');

INSERT INTO service_request (query, severity, description, admin_id, customer_id) VALUES
('Login Issue', 'High', 'Unable to log in', 1, 1),
('Payment Failure', 'Medium', 'Payment not processed', 2, 2),
('Account Locked', 'High', 'Account locked after multiple attempts', 3, 3),
('Coupon Issue', 'Low', 'Coupon not applying', 4, 4),
('Shipping Delay', 'Medium', 'Shipment not received on time', 5, 5);

INSERT INTO coupons (name, couponDiscount, description, admin_id) VALUES
('SUMMER10', 10.00, '10% off summer sale', 1),
('WINTER15', 15.00, '15% off winter sale', 2),
('SPRING20', 20.00, '20% off spring sale', 3),
('FALL25', 25.00, '25% off fall sale', 4),
('NEWYEAR30', 30.00, '30% off new year sale', 5);


INSERT INTO cust_coupon (customer_id, coupon_id) VALUES
(1, 1),
(2, 2),
(3, 3),
(4, 4),
(5, 5);

INSERT INTO garageOwner (name, email, password, phoneNumber, servicesOffered, availability, isActive, admin_id) VALUES
('Owner1', 'owner1@example.com', 'ownerpass1', '1112223333', 'Repair, Maintenance', '9am-5pm', TRUE, 1),
('Owner2', 'owner2@example.com', 'ownerpass2', '4445556666', 'Repair', '10am-6pm', TRUE, 2),
('Owner3', 'owner3@example.com', 'ownerpass3', '7778889999', 'Maintenance', '8am-4pm', TRUE, 3),
('Owner4', 'owner4@example.com', 'ownerpass4', '2223334444', 'Repair, Sales', '9am-5pm', TRUE, 4),
('Owner5', 'owner5@example.com', 'ownerpass5', '5556667777', 'Sales', '10am-6pm', TRUE, 5);

INSERT INTO category (categName, description) VALUES
('Engine Parts', 'Components related to engines'),
('Body Parts', 'External components of vehicles'),
('Electronics', 'Electrical components of vehicles'),
('Accessories', 'Additional accessories for vehicles'),
('Tires', 'Different types of tires');

INSERT INTO owner_category (owner_id, category_id) VALUES
(1, 1),
(2, 2),
(3, 3),
(4, 4),
(5, 5);

INSERT INTO carPart (name, description, price, quantity_in_stock, model, manufactured_date, manufactured_details, instructions_to_use, compactability, isActive, offers, category_id, owner_id) VALUES
('Spark Plug', 'Ignition system component', 20.00, 100, 'ModelX', '2023-01-01', 'Manufacturer A', 'Use as per manual', 'CarX', TRUE, '10% off', 1, 1),
('Brake Pad', 'Part of the braking system', 50.00, 50, 'ModelY', '2023-02-01', 'Manufacturer B', 'Replace regularly', 'CarY', TRUE, '15% off', 2, 2),
('Battery', 'Electrical power source', 150.00, 20, 'ModelZ', '2023-03-01', 'Manufacturer C', 'Charge before use', 'CarZ', TRUE, '5% off', 3, 3),
('Mirror', 'Side mirror', 30.00, 200, 'ModelA', '2023-04-01', 'Manufacturer D', 'Handle with care', 'CarA', TRUE, 'No offers', 4, 4),
('Tire', 'All-season tire', 100.00, 300, 'ModelB', '2023-05-01', 'Manufacturer E', 'Install correctly', 'CarB', TRUE, '20% off', 5, 5);





INSERT INTO images VALUES 
(1,'data:image/jpeg;base64,/9j/4AAQSkZJRgABAQAAAQABAAD/2wCEAAkGBwgHBhUSBxMRFRAXFRUXGBUWFhscGxgYFRUZIhYYGRsfHDQsJB0nJxUdIjElJTUrLjouGCAzODUtOigtLisBCgoKDg0OFQ8OGi0dFxkrLTctKzQ3Ny0rKy0tNysrLS0tLTA4LSsrKy0rLSs3Ky0rLTctKzc3KysrKysrKysrK//AABEIALcBEwMBIgACEQEDEQH/xAAbAAEAAwADAQAAAAAAAAAAAAAABQYHAQMEAv/EADwQAAIBAgQDBQUECAcAAAAAAAABAgMRBAUSIQYxURNBYXHBIjKBkbEUFVLRBzVCcoKhstIWIySSwuHx/8QAFgEBAQEAAAAAAAAAAAAAAAAAAAEC/8QAHREBAQACAgMBAAAAAAAAAAAAAAERMRJRAhNBIf/aAAwDAQACEQMRAD8A3EAAAAAAAAAAAAAAAAAAAAABxKUYRvNpLqzoWOwjlZVKd+mpX+oHoAAAAAAAAAAAAAAAAAAAAAAAAAAAAAAAAAAAAAAAAAAAAAUX9LGIjSy2hGs2qcqvtP8AdX5NmUVJ054mUqL9nVdJrexrv6VXQlkMIVleTrR0/CMr/UyySpUnJU4WV1bvshjJlvORV5YrJKM585Uqbfxij3HiyWtSxGT0ZYf3HThZdFpWx7QAAAAAAAAAAAAAAAAAAAAAAAAAAAAAAAAAAAAAAAAAAAo36SKdfGujTwlOU3GTnJq1l4PxKTPI82lKWmg0peKNGxXa08XJVFd3e/W/efCnPvRcmHv4MqzfD9OFaLhUhHS4vntyfkydILJVKWKbXJLf4k6QAAAAAAAAAAAAAAAAAAAAAAAAAAAAAAAAAAAAAAAAAABV8TGpHFS0y1K736nwlPvZ805JT36H3GSIr25LG+LvJ2aT26k6V7LP1hHzf9LLCVAAAAAAAAAAAAAAAAAAAAAAAAAAAAAAAAAAAAAAAAAAAVTGTo1cbJ2S3e3kdSdLutzKBm3D+d4riapWjCm1rrTi9XtXUlGjBtv3bRU7Lx7zqwPAmOpYOP2idKU4OVTTGDUqlRuTUalVyd4pvuS5BWp5LVgsdZWd015WV/QsJlH6OeHMxyviSM8x7NrRN6o85VKu81PffTpsmtrNmrhAAAAAAAAAAAAAAAAAAAAAAAAAAAAAAAAAAAAAAAAAAheI89WTwioR1Tld89kl3v5gUXGU88+9W8M5um5rZuGy7Wpf+HTo8eXiebKsPxJ2sPtrqL/Mm5PVC2h00u5/j1OKs9mk7EpRzHGV6LqU4xUd+f8A6eBcSYjU7RXy/wCwqU4Po51Tz5feMpOFo83FpvsHq5d+rn5o0Qy7DcS4rCYmMnDe+11s9vBl+4fzX72wOuUdMk9Mlfa9luvDcIkwAAAAAAAAAAAAAAAAAAAAAAAAAAAAAAAAAAAAAAACr8S0KVfMV2qvaC27t5Sv9CzvkUzjPN6GT4+EsYpaJwsmld3jJ32/iQxbozjb5WEowpaYRio9EiKxWAoQr3pK3k2dX+NcmlC8HV8uyn/aRlXjLB18RaNHEafxaH16W9S+vz6qezw7iclRpzgtav5lg4Oj2VWpGPK0Xa999ylPifLV73a+XZT/ACLdwFio4+NWrSTUPZhurO6u3t8UONm4vKXVW4AEAAAAAAAAAAAAAAAAAAAAAAAAAAAAAAAAAAAAABw+RkvEeLq5rCP3lonaT0pxWyk1e1vJGtmXcV8K4+hQq1oSWhSckoye0dWytbuQg6Z8NZPQwLdKnG9r72/Ii8NkOXVMVaUFyvzfM8rzKNWi4RrYhtLe7dvK6qHny6pWniNqs/8AdL+8vK9pxnSzYrhXKKeEc+z3Sur8r/I9XCuKr5fUpQwjUKcqkdUUlZ6mk/5ELisXKnR0zqYhya5KUrP5SLJw1wtiXOhXU1ovGdnOo9uml7X80X9u6kxNRoYAMtAAAAAAAAAAAAAAAAAAAAAAAAAAAAAAAAAAAAAAQXF6TyCrfpfknaz57/Vbk6QfFv6iq+Xh89/TfoBkeDw8pYmbk7rxTkMDRf2vZR+SX0R8wv8Aap7r5S3/AJ2OzAU/9R7qfwCvbjab7ZXXc+Wo1bh+V8npfuLvk/6tzKsdBKutmtujNT4dv9yUr/gX4v8Alv6dNrF+IlEcnCOSAAAAAAAAAAAAAAAAAAAAAAAAAAAAAAAAAAAAAAEJxdtkFXl7vfb19N+hNkZxLRnXyOqqO8tDaW29vP036AYzh6sqc5+63t+zJr53OrLZupivajF+St6nZCDhXm8Uovbu1erR5cBTlLGNQUbdEpfmRUxjIpVlZPl0bNY4cu8jo329hdzX139Om1jKq2GqOstmtuj9Waxw/Qlh8lpRna+hcvHfq+pUSIAAAAAAAAAAAAAAAAAAAAAAAAAAAAAAAAAAAAAAABxJKUbS3RyAIbF8M5ZWpSVCCpzf7cNmrfHcqk8gwmBzmUMXWo04KEZKrKraUm27x0Oe1rc796NEIbNeGMszXEupioz1tJNxnJXS5XV7AVPNaeVYvGUKGV1FVqXeupGTd7+7FyT8Xt4GiRioxtHkiKynhzK8oqasHB6/xSk5NX52u9vgSwAAAAAAAAAAAAAAAAAAAAAAAAAAAAAAAAAAAAAAAAAAAAAAAAAAAAAAAAAAAAAAAAAAAAAB/9k=','Image of spark plug',1),
(2,'data:image/jpeg;base64,/9j/4AAQSkZJRgABAQAAAQABAAD/2wCEAAkGBxMSEhUTExMVFRUVFxYXGBgYFxYVFxUXFRUXFhYXFxcYHSggGBolGxUVITEhJSkrLi4uFx8zODMsNygtLisBCgoKDg0OFxAQGi0dHR0tLS0tLS0tLS0tLS0tLS0tLS0tLS0tLS0tLS0tLS0tLS0tLS0tLS0tLS0tLS0tLS0tLf/AABEIALcBEwMBIgACEQEDEQH/xAAcAAABBQEBAQAAAAAAAAAAAAAEAAIDBQYBBwj/xAA/EAABAwIDBQYDBwEIAgMAAAABAAIRAwQSITEFQVFhcQYTIoGRoTKx8AcUQlLB0eFiIzNygpKisvFD0hU0wv/EABkBAAMBAQEAAAAAAAAAAAAAAAABAgMEBf/EACMRAQEAAgICAwACAwAAAAAAAAABAhEhMQMSE0FRFGEEInH/2gAMAwEAAhEDEQA/AAKb8i1V9y3CZGh+aMGoPkU2rTBngVk0VrqgTSCc4Xe4g5pVHwizg5eQ7pAWX2+ThYeJPqtJUqKpo1Kby+i+JxEsnidyPGfkZdJXdeza0kOZB+tEx9gwjL0WrFXU68CIBTHvB3R0Vidkk6So37JeBO6YCRn7K2Qax1IaNT+g5rV2uxaDcsAPN3iKjpNFGkAOAHUnep6dbLnvU9q6Q32wrZ4yGA8W5e2iz20NgvpnwkVG8tR1C0rjKWGM0FsFsy0FOmBv39VIbRrjphPFuXqiG1A2SWgocbYaD/dj3RTxsnaKsatKCf7Rg/1DrxTK15TqsluZGZGiLO2C74Wt9EL95fOgnkAEpDtTQIHRQVjAXHXdTh7BT0C+r4RTxcg2fkjQ9mNeZJPEqe3u3M3yOC9CsOx4qAuqU6bAN2rtY3ZD1W17Ldkbem4Op0AD+c5uP+EnQdIRc4vDw5X+mN7Hdk692Q6ox1KlvLsnO5Nacx1Puvbdi7Jp0GBlNoa0bh9a8123sQx2LlpuCLfXbHxBZ99ttTGaieVV7Rv+7YXnXRo4uOnoPkVDe7dpMY4l4AaM+Swu0e0RuHyJDBkwZjI6k8SY04QOKotabW12lIA+j/38kfSuCc58MHzPFYmx2gBE6Dn9ev0bR22mzkfRLoWbab7ynC4kjoSsw7ao3TnoN5/YI2zuy7KZO87mhGx6rsvkAfXBSkIWhmeQhFF3ogGOKjkBOrOQT6ySpBGJJVrq7uKSS/V5cwgapVnwg21QYz1AI8lJUOcLRxGVH4ihKwUrcjPBduGbxomQAhY2/wAXePj8xW6NKN0LK1aOKo/QQ4oxPLpBQ2vVbk4B4/qE+6JG1mnPuW+ShqUwOahbbF2itAm52w8iA1rRy19VaQ37s0nIEtPmTkqF1q6QNScgBmSeAG8r0XZ3YS5uaVNrh3DRgJLwcWWeTNZ6wkbNbdqeFsbiCiLIEsbAJJz4nNepWn2e2kg1g6sRucS1v+lsSOpK0tns6jRbFKkymBEYWhvyRILXj1t2euqg8NJ44FzXAfJaDZPYu4c9prtaKYzILh4o3QOa9KBkLgCZbZ+nsi3lzG0aWJkYgGtyxCQc+P7rObY+zo1arn0i1jXQcJyg6GI3GJWrs/8A79wONGgf91Ufsr2EE8ob9nVwzQsd5wmVOxdxMFoaOM4vResnRcgFLR7ee2vY2iwAu8ZP5tx4QP1RosGsLWDCJ0AgBbPuGnVoJ4kBU+3ezNOuMTHGlVb8LgSWjTVkwQYGkHmpuNa4+Sfiax7OtwzUeA2ZgaT1VrRosp/BDRlA4843LCtq7SoE03UTUaNH03NLXf6iHDduVW/tbcFxYaNQOaYIc0tiOE69VGr+N5nP16XtDaTWgSf5Xn3aLbj34u6Y8wIdgk/5eH7KOzFau6XTH5Qc/rktNs1tNkN0/pOvkhUm+njt9t25LvECwA5NwuHudSn0r97zMPJ6E/Jez3Wy2uzaGEO1aYIPTmhnbCtnRNs3F/QHM9YhPZem3m1rd1yMmugcWkIu1fVccmuJ3xu9NPNej0Oz9Jv/AImNH9RNQ+hJCKp2DG6N06ZdBoEtl6xkdmbMqPzeS0cAPEf8xy9JWv2bSDGiAInICfU8Sntbnu+ZSqNkafL69klCn3AGUieCeLnLNC0KUbh6ylVjgICey9XH3hduQG0NpMpNLnEDrks52j7WU7dxaDif+UHTqdy8+2vtercOxVHZbmjQeX6pTG1Wfkxx4nbXV+2zMRgOI4ga+qSwrYST9Iw/kZrG2YXBp4b0camRjOFS1L10nMhp0EoqwfkVpphsY0qTHAI3H2QtGtyRNcDLhxRoBriRzWDubh3eOOYlxy03r0NpEAxOHPqBuWW7R3Lax8LQ2HE8ugSnFO8xU07kncTHASrPYVkbquyhTmXHMwfC0CXOPkPWER2Fos7+KjQ4OiJ0mc5C9btrWlRcx7KbGA5OLWhuukwM81W06SdnuzNvaQabBj31HZvPnuHIQFqwFWFu7crRMU4JSk0pEII3Enj2TYUgQFLTbG0HmMnWzRv/AA1D/wCyuyqGq2NosPG2ePSowq/IQDQISdxXZzTXvAjmY/VAca5c76J1XQxQuESgOtrz770DtCwZWOYzGYO8HT0/bkixoTw1+v1TbU6uiJ9huH1xSpzgCzZwY0uxCWgn4T7kFFUKIc0YhPXND7VqFtN+eogcc+ag2dtXEPCJw5HdGQ4qK6fFlct7rQU7YQMO7jp/CmFecnD5KroX0gGCTw6JXNw5wkiCN/JTtrZvsXWfAnT6470BVr9fRA/eS84c8jHpvR1GlAk+6R9Jbc7ojqn1XARnmoaj3bshxOXoN6GDIOInmXE5eQRspNiXVjn4l51247Y4HG3ou8Y+Nw/BP4R/V8lJ2y7a+F1KzLXOEgvyIad+EfiPt1XktW5ImQcUySTJJOZJ4mVWOP6z8nk+sV3RkmTnOeecqR4VLbbUc0+ISrfZldlRw8UclbnTwkrI2gSTSzltXxNHEfJWdjWGfT9Fm6VYNgyrqxcBJmZGSAshVBbI6I4ulgB1IyVRSOWmcos3YaGzmRu/dIxNtTOYOizW0rYU3Obu1aeS0VG5zxF2ZBjgOSBuqQe2DnByKYis2DVjDUJ/EW9MIaZ/3ey9f2ZcNr0dQZEa714xVpYIayfE7NsyJ4xuWw7KXn3VwB0eRi4T+ZK8m9A7O7R72nBDgWEtkhwDwNC0u1G6eS07HZBY662iWhj2Q4NIJAiXNgiPQ5eStmdqrPDncUw6PgJ8eX9HxH0TiavWlONQLz3a/wBoMHDbsk6BzgST0YIjzPksltbbFaqYrVTUkHwB3hb1DYaY8+qY09avu01pRyqXNIH8odid/pbJ9lR3H2kWQ+AVqn+GmR/zwrze12RUeAQ0YTpmAPnKKrbLfTbidEAxAOYlLZ6aK7+0BhuqddttXLWU3sIPdgnGWkEeMiMt6sR9qNLfa3PrSP8A+1gSQnWtI1HtYN59BvRs/V6DT+1Kz/8AI2vTne6mCP8AY4q5sO2thXju7qlJ0Dz3bif8NSCsrR2W1jYaB9cVSbZ2BRqmC0Bx0LcjKNj1exsqAgEGQechSEArwnZ+wLy1JNtdupf0jFhP+Jvw+xWp2T22vmOFK5p0nHdUY1x0/M0OA8xARtOq9AuAJDdJ14gD69kq1OnRc9zXnuy0F2J5c1pEkuGI+HwxI0Wdb2gLQXGjVdOpDW+WU5BV22L994x1EMc1jwQ6TheRwAbOXnmltUxoG021X2gS+iW06WNwZjBhzQYxEjOfKN24ouhUfQa6lBqPnEcAlh4CfRN2ZsrAxtMEhrWhoGmQ6annzWksLBrB4VFrqwxkkuuQmydt5BtRr2bpLCBPCYhXTX4hIITXUAW5hp6jIoCmRTMODmjVupEcJ/dSvWxFW3w+OcxrwI/hSurndmqPaHam2ozjeJ3NmXegWU2z2/c8YKDcDd7iBPk3QeaNC5YyctztbbVG2ZirPA4DUk8A0ZleXdqu21W6mnTBp0uH4ndY0HIfwqitdlzsTiXHi4yVFVqcgFcxc+fkt64VznRyQ1xUnPUqe7Acg2shXGQbEVrNm9mgWtc5zgTnkYjgs5hkgcx816ha0wGt6D5JWiKgbPIy7x/qElbOphdUnp5UKBdoFd7OovYwzBO4FdpNAR9owvMNzjXgFogALtztTHIZJ7aij2m+kCMDiX/i4eSipPRAtreqCM/dPqvDQPRVdJ2ZUtxXmAgJrdoLu8O5WNt4jP4d/TcgGNyDR5q52fs+pUGGm2Y1Ognqpq3DXdmA4gcATHRAV3uccLGue7kC4/8AS2tn2apMANZ8n8okD9z6hWFEMY2KbAPIAZ74G9ETWO2d2XuSMmhhdkXO3chhn9FcWvYprf7ytJynDA/daWm+o6JOn/a622TLaGls6iwYWkQ3QQTMbpJUwpUcMOaTOohsacwVKy2H1/CmFuEAG3Z9pAH3dvMhrf8A1+pXPuFqDLKYY7ODhb+gEI4Umj6HPXPknNaDmPf0QOQJsaM+EzM5YnA+kkcUKzZ9MPLmudiiM4cANcojz6K3dbzw+SifZjggboStbHRoa7mDhz6O/dZgU30nuNdpYC7KRIgaAuGXOJ3rWfd3NzBO/wB9U7vXaQIAAwmC0jmD5paV7VWG8GCRwVhY04LXb4BWdv7Rwc5tKGseejWcctYnPJC7W7PXNOmH/eO8BIADHuIzBz13cEtNJnJ/bb1n0xLnOa0cSQPmqa+7YWlEForGoeFMF2n9Xw+6o7Hsn3sF9Go8xEkljeu5aqw+z23nEaTdBk4ueAYzyJgqOG28tccMXtH7SqulGmG/1POI/wCkZD1VNcXW1bzX7w9p0DWmmzPhAAIXuOz+yFuwtJpscW/DLG+HplktA2yblkMlUv5GeW/uvnex+zvaNQT3AaDve9g+RJRh+zPaI/8AGw9Kjf1X0GKQS7sI3Uf6vmq67H31P47ar/lAf/wJVRWtnMJa4FrhqHAgjqDmvqh1McFRdpOylvesw1WZj4XtyezoeHIyE9j1j5mqsQ7mhes3v2OVMX9nctw8XMOIehh3sibL7G6I/vbiq88GNbTHuHFL2gnjteOsaFo9k7L2jcR3NOoW/mcMDOuJ0A+Ur2TZHYWytIcykC8fjf8A2jvIuyb5AK8FIu5BRl5GuPh/a8kpdhNokDFc0Qd48Zjzw5rq9dFmElHyZL+PB8pVLtxXKb3nIE565wFc0dntY4OABI4p1S2BJJAz4ZQupxK2lZjVx8gnzBgJtxbkfiQYBY4OG5BrW1pPJ8IKsK9iWQXa7h+qn2VdhzZC1FWlRNPE9oOW+Tr9blzTyZ5Z66k7bawmP7QfZLZLHN7+t4mknAzplLuOe7/pbCnXDWgU2geUeyrNl0JptDQAwDwxpE5EcVeNoQ0Hot9M/b8Csok58fUoyjbDh5lRF0H6+aNs6zY8QnhnHnxQk5lMDMkfzuTIjWTE65exU7YA0y9j+qa+lJB8/lKAP2faF7SQDHRx98h7qwZs0Rv8+7HzKqWEjIA+WnousY/p1keqAiqNOYjedIPRGbLtTUnIwBwHlvUQoE5Ej1T6VsZEEeRhMJ6OzXScYgbpyJ6SqvaLYJAnI7iDlzIVs1lUb8uZkfqhL6ye8zrORzG7JBKu2FQvaxsOcZPQDeSefzRlzbVGkGqGkEx4Yga6gDlvJTbO3fRrOc4/GwAcRhJJ+YUW2trN7qCcw75iP1WWVu3V4cZ3RkMwYsLY4AAKSgGjMAKgobQlkjMEDyyg/Iouhegs1zWe3XMZ9Lq3uJJyV5akYdCsbVrZBwdprBWm2ZeYmjMFPGo8mHHCzY+VMCh6bgVItNuWxIXFcCbKcEbLRya5KVyUWiIyE2IUkKKqVFXFfcHE8N3I0tACHpMAJO8p9Wos2t51DSkoDUXUletfMrds0z8XsCpDdUnaOhUDncgmgjgvQ9Hm7Xz6TTo4ISrYvOj2+kKvZVA3e6lF0OJCn1p7FWlGrSdJILTrmvRtggPYGPzED20/ReZi8G9x9Fa2m13OZgacgQJMh3qCpuP2cv09OZe06bPCHYGDqSSdIAJIk9f0mFV1TA4OLgYLWtyDtJxcBxGqB2O0VWw90HDmMvFMeKd5BaPnyVvRoCiAGkknEYglxzncMsyf5SV/wS6idwy5wSPTJPoMDsgZj28026rtawOrOa2NRIAjmYzygxzWQ2r22ABZbtBz+MgR5NG5BNs2o1gJe4QMzyjmqm97a2tPIOLiJgMbPXMrze62lVrGaj3O5E5DoNAhG5u6IGnoVbt45xinS03ud8gEFcdtLvjTjhhcffEszQgdSu135hVE2ru47Y3uE4X08X+DL56qz2Z2lu3Mxd7QO8/2Znp8SxdxUwtk78yhLLaxY/OcJO7cp3fpUk+3sNj2jqwMTWnjhJHWFc2m2KL5BJpnnv6EfqvPNkX5cJYcU7uq0tpbYxoMiZ5wFNyaTxyrS/uWPlhqte3UEeF0/wBLhkCOcLEbc2fcQ7unCq3L+8OGoJzwiMnDqBotKynmYbKK/wDjmmJbrlB5pblXPFlj1XkrNq3VKp3bWFxjMAy0cidAU+ttS+pZ904j1+S9N2d2fa4RhgnUdDnluEgiFcV9hNxUxhGGZdlrhzAHnCW40kz3288tLi+bTFR9AtBjRwcRPFuXpmtp2cuaoAcS1zHZSMsJ5jqtE61bJkZbvRDvs2MMsAGUOG48D1WdbzLc5XtsZCnKAtKww58E6rcKt8MLjujG1E2q8oDvipBcKbkPQ81CE5t0hKtVBPuoUe2ms8e1x94UNWvkqsXk6Jr7lHsqeLQp1yon3Y4qtun88tUE+6WftW0wi4N2kqA3PNJLdV6R89FcRBtjxTTQ5r17nHhaodcKmNMLhaFNzEiGVYbMdCDIClt6kEKbdn09KoXhwMIygCCNct6Jvr6sWE97UGe57hPWCqnY7sdEZ6ZeqKNXw4TvEeYWdvKtM7tes90FznOni4nMHPUoSk7JHXbMTTxGf7qspugwqAymclJYDxGfrNQU1PZ5E9Eg0OxWW78dOo3+0Jycd3CEHtK1NN2Fwgj0I3FRPMwd/HejLzaAq03B+LvBmDPhwjIACNVSFPtZ2LCBwVcbXw4s9fXoj7qmXgEZkZEcQg6TwDDphTF0Ts7aFSm5vdjMHTj+y3eze1fdtLaowmG+KZ5EHmsi3adJjYptgnfGaEGKoZcIbw4pWbXjncenqezr9jziD8j9ZrTsY1zR4sxBnzXjNkCNCR0V0zbdWkB4p3deqi4WN8PPjeLw9TpNgyMp1VjQcCc9QF5rsntyyYqSCMiYkHnKvqXaTESaYkdc1PXba2ZdNfUaIVLtN5Ay1+aiZtdxbKAub7FqCptPHGwVQuHMGf0Cifv43n2Krq9aAIIQla8MZwFFVJtem+HP5KJ98dyzztoAauHqoX7bYNXBLk9YxoKt6+NVW1788VW1NvgjIT9c1V3W0nO3D1k+yUwtP5cI0Lb7dKQuHH8RlZE3TuK6dquDYjPcfrqq+Oo/kYRpLx5aPE6OpiVTP2vgPxzy1hUVzWdUzcSeqGqBXPFPtjl/lW9Rpv8A58bm5dAksrJSVfHiz/kZs++koX01ZOYoajFvtzK11NQuaj6jUO9iAEIXIU7mJoYg2j7HXsONNxyOXqru7YWuLd506hY/ZtM4g6Yj6hbOg77xT18bdecaFTf0Ka5cQcSBvKP4m6H24grSix7wEaOGv79EDW2a6mTlIOo48wU5SUtCqjaLocDu0PmhbyxLfEySN/EdQuWtwHZb0zXtBu7glXp5IS2rbpzHv/KPccbCQPENyImgKdJ0yMoTnW2PMtE8RktNb0aVxRApsiqzdoXcep5Kvq0TpBBHHVPRbVdKwA3Ae6stlbPFWoKZcATMF2QyUZaQhbyoB4gfE3eOG9GhvY+5tnUHua8QW9YPAhV15cFxwjX5fyr7ZW0ad5SFJ5HeCQHmZHAEoC12cKZM5kE+xSp402xtcAz1R9vcOZ8JgcN3omkpzYUXlctnMGjbFTdA9f3XLba9RhcTBnlp0QTmpGnzS1F/Jn+jDtirEYsvkhjXJ1cSuBgXQwI1CueV+y7zL+AFyVKGBKEJRhwXHBTYQU0gApkHcxROYiXwoy7ikYc01A8Ix7RuUL09DYTAkpYSRotqt7EPUpo0phYqJWVKaHfTVs+ioH0EbCrcxNwI91FRmgUbNLsunilvmn2N46hUyOhQoBbpkj9kWmI4zoNOZQTYWtRtUYm5OGo3jpxHJGtIIhwH6eSzzWGZBIPEKwZduA8Y/wAw/UKdHtPcbKBzYYPAqlvdhAmSwg/mbl8sir2lcgjIz0/ZENrZfX6o2NMZWsXN0lw9D/K7QvCzdPXIrXveDqB6BDVhTOrW+gT2Gf2ZtZ1KrjE7/KeEK02ztSg4MNGWmDjBBJnjnlxUNanQn4R5T+iGayni+DL1lPadTe0XfF+QDnew9kfbdnqlT+9IpsyJJ0A58Ty1UtKpwAaOCKfVc6JMgacB0SNKWUqbe6oMAbveR43x/wARyUICQK4CgOOYlCcugJGYnLphdyTBgCexNNNTRCATW+aUpPz0TcfkgnC1J7EnuK53qAYVG4ynvKjlANcFC5T94oHvlARpLh6pJgJhSwqcU04MQA3dLjqKNY3ku92katdbphoK27lcFEIDPVKEuAG9X9nQgBoGihoUfEXeiurKigqZTtpICtathopbC2l7QtG62CcTa8t7XPNDAGCHGSTvgKv2Btuo+qKb3xiyBjfwzWg7e2+KsB+VvzWCr0HMcHNyIIIPMIOdPTDs17tX/wC3+VV31mWGCemS0ewrsV6LKg1Ihw4Earm2rLEyRqEaKXllmURvUrQNyQCkaxJR0J4C41q6EApXQE6FwBMncKcxNITJSCUtJTmMjMqJjl1pKBtLUfGYTW151XIS7pAOLp0XZJXG0ypW0uaAHLSmnJElkKGqgICuQulMdJQEbxmmuhPOSY4pgyEl2EkjINUjGJJJhIwAroGa4kkZxYnU2JJJAFdksBw5ncrDsrUe+jL/AIg4hdSTKtVsanNTor97Ukk4zrzftMSbipyMeyobqzBEpJJNI1fYCxeyk9zvhc7wieGp5LUvpgiCF1JOIvbIbUsu7qHgc0IGrqSSnS1ObzSSQCjcmuEFJJAIrgCSSYchTNAhJJAIVE5xldSQDGVzoUSAupJAnNyQ72yupIMPUpphYkkgjDTTCxdSQZhplJJJBP/Z','Image of brake pad',2),
(3,'data:image/jpeg;base64,/9j/4AAQSkZJRgABAQAAAQABAAD/2wCEAAkGBxESEhUTEhIWFRUXFxUVFxcYGBYYFhUXGBUXFxUVFx8YHSgiGBolGxUYIjEjJSkrLi4uGB8zODMsNygtLisBCgoKDg0OGhAQGy4mICYtLTAtLS0vLy0wLS0uLS0tLS0rLS0vLy0tLS8tLS0tLS0tLS0tLS0tLS0tLS0tLS0tLf/AABEIALcBEwMBEQACEQEDEQH/xAAbAAEAAgMBAQAAAAAAAAAAAAAABAUBAgMGB//EAEYQAAIBAgMDCQMLAgMHBQAAAAECAAMRBBIhBQYxEyIyQVFhcZGhcoGxBxQjM0JigqKywdFDUiSS8BVzo8LS4fEWRFNjk//EABoBAQADAQEBAAAAAAAAAAAAAAABAwQCBQb/xAA0EQACAQIDBAgGAgMBAQAAAAAAAQIDEQQhMQUSQXEyUWGBkaGx0RMiQsHh8BTxFSMzsmL/2gAMAwEAAhEDEQA/APuMAQBAEAQBAEAQBAEAQBAEAQBAEAQBAEAQBAEAQBAEAQBAEAQBAEAQBAEAQBAEAQBAEAQBAEAQBAEAQBAEAQDhXxlNOnURfaZR8TJSb0IbS1IFTeTBj+uh9k5z+W8sjQqvSL8CqWIpLWS8SJV3xwo6PKN4Iw/XaXRwNd/SUyx1BcTps7eE4hitKg2guS7Ko7ujm1/ic1cLKkk5s6pYuNVtQR0xW1HR8jlKZy5gctV1IvYgEBRfulHyl/zdhyGOrGxPK5SoYNSpqRqeic2bWLrqG6+s7YpG1Bet1HNylNBqOrhw7CI3uwbnaznTxdRbAV6NU/2uwV/86aH/ACCTeL7P394kWmtHf9/eBKfa4QXq06lO3XlLr43p5rDxtG5fov8Ae8h1bdJNfvYTcNiUqKGRgyngVII9Jy01kyxSTV0dZBIgCAIAgCAIAgCAIAgCAIAgCAIAgHCvjKSdOoi+0wHxMlJvQhyS1IFTeXBj/wBwjeyc/wCi8tjh6stIvwKZYmjHWS8Th/6roE2prWqHjZaTg/nA0nf8Sra7VubRX/NpXsm3yTIlPfFHbKtIr31XRFv2XXN6y57PqpXflmVLaVKTsvPJGMbt7FrryVBRa5JqM1h2kWW/bzbxTwkJZbzvy/PrYipjKkM91W5/j0uRae28Q7WOJpZf/qp3v3DMXIP4Ja8FGMdHfty/HmVRxspS6Ubdmfu/IwzYmoAM+Ma5OoVaduzQKoZfxA90KlRi893xv6aeDXaHVrSVlveCXqrNd6fYa09h1HAFSnUY9ZqYgsD3gZjl8NZLq0I9Fruj93qFRry6SffL7J5GBu3YcMPSIPSAzHXqe62J79I/nU46Xfl4WI/gVJa7q8/G/wCCSNj0aiLTNZDlYm9NQG1GoPOOml+Eq/yDjNyitet3Lns9SgoyenUre5itsChTAIpVq1/7XS3jxW3nIltKs9LLuJjs2itbvv8AYn7OrU6AsKIog6nO6Xvbtzm8zzlWru7u+40QjRoKysu8xtHabFPoa6Brj7BccbFTkDWOo1F9baGFhqvV45epLxNLr8M/QiPtkqQKlTMraEGnax7yWXT8IlkcFUavkVSxtOLtmVOL2pgMxvZe7lQQfAC/xliwDtr5FT2hFPTzItTeXAp0VUn2XYfmNvSWRwK4lMtprhYiVd/MmiFlHUFRF/cy+OEpLWPmzNLaM3o/JFRiN77tnCMH/vzsrHxKZSfOWOjBq1kVfzJ3vn4notw98cVXxKYeqyurBzcgBxlUkajj7xMWKw1OEN6JtwWMq1Km5PQ+mTzj2BAEAQBAEAQBAEAQBAEAQBAPmPyj7wYqhihSp1mROTRrLYG5LAm9r9XbPSwdGnOF5LieNtDE1adRRg7KxQ4fb4qkCqzXuNWeo9P8QYkqPPxm+NOnFdFeGZg/kTm85NPm7HtsHsSpVAqJyCIeBovZD3gKh/VMjxVGnlm+aXv9jfHDVqueSX/y/wAfci4tsPhXyviuTLDVUo1HzDtLMWA91pRLaUJrot2637Jfc0Q2ZOD6Vr9S+7b+xZbH+a4kWp4ms4U3tYJlPcQgIOnUZQ8fZ5RSvzf3t5F/8C6zk34L0V/MtTu9hASzJmPWXdjfxuZ3/NrtWi/BI4/hYdO8l4tmF+YUuAw6kXOgQnTidNdIf8qeu8/EJ4SnpurwD7zYRRo5YfdRyB6WElYCu3mvFoh7Qw6WTvyT9iuxW81CxYBxe4OZkFtBqAWLDjplHUZ3/j5p2bXn/Xmcf5KDV1F+XvfyKitvdQUXVlZusNVdx7gFtw16vcZZHARvnJ91vdlM9pu2SXj+EQ8Vv8hAAu1uylre97g1GP8Ars4SxYKmtfX+imW0pvj5flkCvv8AuRZVc+LBT/wwJZHDU1wX7zuVSx83xf7ysVtbfGs1+YhvfptUqcfFhLVBLTLlZGd4mT1V+bbIB3jxNrBwo4c1VB8LkEnznTSbuzj40krIi1trVm6VVz+Ij4QrLQ5c5viV+Jrk9pPnIkyYLPNnKnWc/YPwnKcnwO3CC4/ck01P9p+M7SKZNdZmtf8A1f8AaSyIWI7G2h4zhstUbn1zcnFLWodFRkyKCoC9Rvw69J49ZfMfTYdpwVkezwC2uLk6A6m9uN7dkoZeTJAEAQBAEAQBAEAQBAEAQBAPkvytJ/i0PbRX0d/5nrbPf+t8z5/ay/2xfZ9zwVa41U2I18dDp6zZK/A8+nZ5Mstk7er4Zs1KoyE8QOifaU6NOKkIVFaaLKVSpSd6bt6HqaW/+IqDnf8ADWnb84uPOUxwdBfTfm2antKtxk1ySIOM3yqnTNV//TKPJBaXwp0oaQj4FE8TOp9UvG3oVb7z1OoDtubkg9oJOh7xrO3Mru/7zObbx4pzo7cLc0DhawHNHC2k5+VHV6ktGV2M2tV+07X7CT8DIc8iVTk3nci4TG3UX1Nte3x75EJpoirRak7Eim4P2vcbTtPtKZJrgZYntk3CMcm0izI3omeRPbJ3WN9GRQ743SPidhsKKyd1EObN1QdkmyOXJm4IHdJOc2OVHbFxuM51HU+MhtHcVJFTtM1eUUqpKC2YLYMerieHu94MxYhVb/Iepg3Q3f8AZrwPabnb4YbCUWR0r3Zgfq2OgB61FuuYakKkn0WerRq0IK2+vFFhtf5QEq5DRpYgFAbFS9IknqYtlAUaHXNfskQoVr5R8RVxeHtnPwfsbbI+UzFJYVkWsOs9B/NRY/5ZsngoS6OR51PadSPSV14Htdkb/YKtYMzUmPVUFh/mFx52mSeDqR4X5G+ltCjPK9n2nqplNwgCAIAgCAIAgCAIAgHz75UdhVauSvTscoyFeDG5JBHUZtwmIjTvGXE8zaGEnWtKHA+UViVJDAgjiCLEeM9NSTV0eK6bi7NHLPFxY6U8SU4dcb1g6e/qR6mJLazneudqko5GgryN47+GfdN08Kq4KibWPJoTbS5I1JtxM8irLem2fRUI7tOK7Dzfyt4a+EpsvHlO7jbTvGhMsw3SyKcZbcuz46HZRZrj4Ga03FZnnuMZO8SXQq3Eui8jNONmWQcEL4W+MtRmks2dxWUDjLN5FO5JmjYodhnO+jpUmaHFnskb518JGhxLeEjeZ0qSOZxX3vWRv9p2qXYY5W/AMfd/MjeG5bVo3XOeCeZ/idZ9RD3VqzcI/ao9f3k2kc70Opm1EZWDFgbEHxtIt2hyurJF8m8lNUK/NabEuXzNra/2eHD3yuUG3feZZColFpxTzuV209scuQTTpoFGUBFyj366mdQSira8zio3N3slyOGHpu/Qps3sqW+AkupFatEKhOWibLvZW7uMquqiiwuR0iF0Gp4m/CVTxdJJ5mins+s5J7p93E8U+lEAQBAEAQBAEAQBAEApd7x/hiexkP5gP3gHzjalCnW+sp5hqoddHDC/X7iLHS6jtndOrKHRZVVoQqL5keZ2ru1WpDPT+lp8bjpAd4/cT0KWKjLJ5M8qtgZwzjmikUg2vcWmvJmFprQkDDLbTWd7qsUurK+ZW7WepTA5MAXvdj1dncOvU9ky4icoJbiN+Dpwqt777tLn1vYnyhYH5uFJZSqqvGmQbccpD6zynK7PeSsrFHv3vthcRheQpMc5qAhi1Lm6HnZQxY+GXWdU5uLvErqwjONpaHiMHeopzjr0JGUsO0jq6561FynD50eBiVClP/W8gdm21U27uqdfBtocLE3ykjoEcADLfwI/edK64HLcW7pjI5+yB4mTaRF4LiORbrYDwEjdfWTvx4IcgvW7H/XdG6uLHxHwQFOmPs38YtHqI359ZsHA4ACdXOd1vVnaglV+gjN7Kk/ATl1EtWdxoSlomyyobu41/wCiw9ohf1G8pliqa4l8cBVf0llh9xsSem9NPezH0FvWVSxsOCZojsyf1NFjS3Epj6zEMfZCr8SZS8dLgi+OzILpMm0N2MAv2WqH2mb0S0qli6r4miOBox4E+jgsPT+rwyjvyoD+bWVOrN6svjSpx0iiUtZ/7VA8Tf8ATb1lZYWmwjesPBvhJB6mAIAgCAIAgCAIAgCAIBUb2D/C1PwH86wD59RNvMnzJJ9TIJJWGsosAAOwaQCu2vu9Qr3a2R/7l6/aH2vj3y+lXnDkZq2FhUzevWeK2lsivhiSRdP711X8X9vvnoUsRGWmp5VfByhqroi08V26fD/tNKmYXStoWtL5mVJqWDWFrKahv9riUA8zOZXurWOqaVndvs/cjGLxWDCBaNJw97l2I4W4ZRp74jvJ52sJxi4pK9+tldyond0V7rMHEeEbw+Gb0Uq1Ogjt7Kk/ATiVVLVlscPKWkbk+ju3jX4UWHtFV9GN5TLFU1xNEcDVf0llh9xsSem9NR3FmPwA9ZU8bDgmaI7NnxaLHD7hp9uuzeyoX4lpU8bLgi+OzYcWyzw+5+DXijP7Tt/y2EqeKqviXxwNFcCyw+ycNT6FGmD25Fv58ZS6k3q2XxpQjokTQZwWHFy5PGw7uPrf4QDXk+0k+JP/AC2gDkl7B5C/nxgGWbtgg3pUnboox8FJ+EA61dn1lUsyEAcdR8L3gEzdsfTfhPxEkHqIAgCAIAgCAIAgCAIAgFXvML4Wr7N/IgwD5sjTkkk03gHZXkggVKLBiVbQnnA9YL3Nu3ms2h7F4wQU2N3bpVlz0von0zLbm3sLgj7Pu8ppp4mUcnmjJVwcJ5xyZyobi4g2LVKYBAOmZjqL9gmh4yPBGRbOlxaLChuHTH1ldz7IC/G8reNlwRdHZ0OLJ9DdfAJxUue92J8lIHpKniqr4l8cHRXAscPgsPT6GHUd+RQfNrSp1Jy1bLo0oR0SJnzg9QA9/wD0gzgsMZ27fIfuT+0AwVPWSff/ANNoAVB2DyBPmdYB25SAatWA4m3jJScskrnMmlmyNU2rRXjUX3a/CaoYHET0g/T1Ms8fhoazXr6ESrvFSHAM3ut8Zrhsau+k0jHPbWHj0bvu9yJV3lP2aY95v8LTXDYcfrn4K3uY57el9EPF/wBFxugKuJdqlUgUad82lgzW4EnqA1OvZ2zNj8Nh8NBRiryfW9F1mrZ+JxOJk5SaUV1LVnrNo4/B4RVaqUphjZebcnttlBNh2zyD2S1RwQCDcHUHqIPAwCLtY/Q1PZP8QCm3YH0jeyfiIB6aAIAgCAIAgCAIAgCAIBX7fF8NW/3b+ikwD5cpkEnZWkA6K0AyTJBotQ3Opt1eGVB8QYBfUjzE9lfhAOdZAeNvIH4iAa5YAsIByqYqmvF1HiRLoYerPoxb7imeIo0+lJLvItTbNEfaJ8AZrhsrEy4W5sxz2thY/VfkiJU3gX7KE+JA+F5rhsSX1zXcv6Mc9uw+iDfN29yJU29VPAKPdf4zZDY1BdJtmOe268uikvMmYbC4mryBNbKtd2RbcVymxJAt8ZDhhaO+lTu4K+fbzuTGeLrKDlUsptrLs5WIC7JxFSq9OmjVGQkE8NL2BOY6X6tZt/k0aVOM5NJP94GF4WvVqSgk21+8TfC7BqtypcrSFEgVM5IK3BtYW1vb1EipjKa3VG8t7SxNPA1Jb29aO7rckJu/lqfSPekKHzg1FHFSOaBfrLaSp41uHyr5t7ds+v8ArMuWASn8z+Xd3rrqKjAYR61RadMXZjYfye4DU+E2VasaUHOWiMNKlKrNQjqz6DvJhTRwtHA4dM7VSQwuFz00s9cljwzaL+OfF160q1Rzlx/bH29CjGjTUI8CLt/amHxODzrUp0Kpw2ezrdjRa4aijaWzMoF110GkqLixG261xSp08n0VEDmvZKxNMvTvaxAR+HEZGgFriqzthMzjK5VcwsRYki+h1HvgEPdYc9/ZHqf+0A9JAEAQBAEAQBAEAQBAEAibWW9CqO2m4/KYB8mUzkk6AyQbhoBtmgGC0AvaDfRp7IgFbtfahpEKoBYi+vACeps/Z6xCc5uy0yPI2ltJ4ZqEFdvPPgbYTZu0K6B1yordG5ClvZvrNcobPoS3Wm2tdXbnwMkKm0sRHeTUU9NFflqyixFHEGoaTB2qA2KC7G/Xot7+6erSWHjBTikl16HkVXipTdObk31XbN6Gw8SzKopMGcOVDc0nJ0ulbhJljKEYuW9krXtnroRDBV5NR3c3e18tNdTl82NOuKbFWs6A5TmU3IuL9fG06+Jv0XNXWT7CPhbldQlZ5rTM9tvfhycPXGSkwR0yCnlD0k+0z+J0sP8Ax4Wz5pVoZtXTvfRvsPf2jBujNWTs1a2qXG5DwGCwlPF08G2H5VwAXqsx6XJ5jZeGSX1a2IqYeWIU7Lgl1Xtrrcoo0cPTxCw7hd8W+u19Ook7L2hUCYBVsoarVVgFGoVio95HEjjKq9GDlXlLNpJ69ZdQqyUaEVkm2vA5YPFrUpVlJotU+cO1QV6jIMo5qMbHnqALW7p1UpyhUi7NLdVt1Xz4rsuRTqRnCaur7zvvO2XB9qRVbV20lSnilZ1Z3eiEKKyq6073Ot7e86zXQwsoTpNJpJSvdrJv94Ix4jFRnCrFtNtxtZPNI02jj2XZ9Ci1s1TMb9fIqxKA9xY3HcJNGjGWMnUWi/8ATWfkRWrSjg4U3q//ACnkej+TzYfJp84cc+oLJ91O3xb4Ads87a2L35/Cjotef49T0dkYT4cPiy1enL8noNt7Do4rJyoa6FspVmRrMLMt16iNCJ457J1bZGHPJ3oUzyQAp3VTkA4BbjThAJoFoBX7fP0Dfh/UIBC3VGtT8H/NAPQQBAEAQBAEAQBAEAQBAOWLW6OO1WHoYB8dQ6SCTcGQDYNANs0kGC0gF7hW+jT2f3MkFXiKSvjKCv0WNMHvGc3Hvnv7Pk44Ko46q/oj5zaUIyx1NS0dvVkfeR61TG1FIYuKhWmovcKDzAo6rix07bz0cGqVPDRa0tdvt43POxrqzxUlne9kvSxa7DwmIWjilpAjFh1VtRygTi2Uk9ZvqD+0yYqpRlVpSn/zs7dV+RtwtKtGlVjD/pdX67djLNcSaTYP5zWXOtLEh2Lg2JAyqxvq3V3kTLuKpGr8KLs3G2Xoa1N05UfjSV0pXd+XmfPsLUyurHgGUnt0IM+hnHei0u0+cpyUZqT4M9FtzeOjUFb5vRZGrkcrUducVHBVUEheE83DYGpFw+LK6jol78T08Vj6c1P4UbOWrfsc6O9ONewpqpqABTUSkGqsOoMdbj3SZbPw0LubdupuyXIiO0MTPoLPrSu+8xh9gbSqhAKdRVW5XMwTJmN2IBIIue6dTxmDg27pt62zvYiGDxtRLJpLTha/mWOG+Tyu31lamngGc+uX4zNPbNJdCLfgvc0w2JVfTkl5+xcYX5PcOv1lSo/cLKp8gT6zHU2zWfRSXn++Bsp7Fox6Tb8i4wu6+Cp8MOh73u5/PeY54/ET1m+7L0NsMBh4aQXfn6lq7qi3JCqB4AAD0AEyGsqcTvThE/qZvZBPrw6u2AQKe+KPUSmlJucyrdiBbMRrYXv5wD06mAVu8R+hPey/G/7QCPuqNKniv7/zAL6AIAgCAIAgCAIAgCAIBhhpAPi40kEmwMAzeAZvAF4Be4M/RJ4H9TQCj3hNqin7v7mfS7FzoyXb9kfL7cyrRa6vuTqO9OPqLlTnNa2daeapbxA/aWy2fhIPelkupuy/e8rhtHFzjaKu+tLMj4TdjaDtmFNlJuSzMFJvxvc3lk8fhIq10+xK/wCCuns/FylvWa7W7fktcL8ndY/WVkT2QXPraZZ7aproRb8vc1w2JUfTklyz9i4wvyf4Zem9R/eFHoL+sxz2zXfRSXmbYbGoLpNsuMJuzg6fRw6HvYZz+e8xzx2InrN92XobKeBw8NILvz9S0RAosAAOwaD0mVtvNmpJLJG0gkinaFLqfN7AL/oBtAMjGKUdgG5l7gix0UN19xEAoNo708nUFO6caYYpeoE5Ryi66C9xwtAJm0KrHC4jOSbLUAuAGsaQNjl04sYB83J0PiP3v+8AstiUW5ek2U5QyEtY5QBa5J4CAfUVgFTvM30QHXnHwaAY3VHMc/et+UfzALuAIAgCAIAgCAIAgCAIAgHxfEaOw7GYeRMgk0BgGwMAzeAZvALzAn6JPA/qMA9Ju3gKNRWepSR2DWBZQSBYGwvwlsK1SEd2Mml2FU6NOclKUU32l584proO7gNPSZZ4mCebuaI0XbJHdHBFxLIyUldHDTTszWtVVRdjYfybAC3E3PCdEEc40no03PeQEH5yD6QDVsY3JO2UBluLXuL9R6rjUdn7wCHiMZTX63E2F7cVRb3ta4Fxr96AbZhyGIysWWzFTmLaGip0JJ0N7++AeSXaG2XrPkojkld1VbLTWwbmk5jmbmjgON4B6vDtUajX5RQKlrMqEsobkEuFNrnygHksdsXFYoY45GRq1ShyJOgFOi2jEm1ri5t2mAegxWPorRZMRiKSu4OcBsx1QKbBdeK39O+aKeEr1OjBmepi6FPpTR55ts7PpqQq1KpJvmVRS6uiG6VvWbaex68uk0vP0MNTbFCPRTfkSTtrEuQaOEooxuql2zubJnIAuPs26uJAMtWAw0OnNvkstbHDx2Jn0IJc3npcptt7ZxwC5sS3OLKVQZMpCo1tLE6VB6z0MNhcM27Q068+tfY87FYrEpK89erK2j+5E3aZmquzEscnEkk6svb4SjbKUaMUl9X2ZfsZylWlKTvl90fTd1x9E3tn9Kz5w+jLiAIAgCAIAgCAIAgCAIAgHxjaelesOyrUH5zIJI4MA2BgG14Bm8AvdnH6JfxfqMA9Nu9UIpVLX6Q4eEprycYZHdNJyzPk208Xy1Q16+IqKTzqa5lpCmuUMALtmXja6rfS86hHdW7FESe87tn2bdZnOHQ1OkUTNfpXyi+bQa+4a30Erw9rytpc7q6RuTNpdFf95S/WJpKSjbH4/lD/AIeklFXIz1KliygmzAAaaWPHrt4AWajPSqlOdmYlbW51gvA8DqDAKE7u4GiS74empvfPiKqg/hsW/YzuFOc3aCb5I4nVhBXm0uZ1qby4Gmj0zUz59MtFGsBkCBVJsOCjrm2Gy8TLVW5v9ZiqbTw0Mk7vs/bFRjN8lvlXD1HY2tyrkXuAV5ic03BB982U9jZXnNd3uY6m2bO0IO/b7Eb/AG/tFyaVNUw9rEqFSlbMQF+s4EkjhxvNCwWCpxUn83npr0TM8bjasnFLd8uWpFbAYit9fiuq7Bmc5AArm4NhfI+ay34W0Mu+NSpf8qfK1s9Vz1Vsyp0K1X/rU53vlo+WjvkcXwWDpLdnzuDUFswy5lRwFIXnZS6rZtAQw14ztVcRUlkrLLnZtdeV7Xy7ORw6OGpxu3d5+KT6s7X4kQ42mcMMOqMWJ5TNf+pci1rXtyenHj1dct+HJVvjSaS07ufPy4lSqwdFUYpt69/LkWWIxOIqZhSpFVZqjAsSpHKLZhbNbS5ANrzB8TC0rOc02kllnppw8r2PQ3MVVuqcGk765a65X87GuI2ZWrWNaotwWJIFyxa2YngL2AGnYJStqUaV1Sg+/LTxLXsutWt8Wa7lfXwJ2ztnJRBy3JNrk93Adwnm4vGVMS1vZJaJHpYTBU8Mnu6viz2+7Q+h/E37D9pkNZbQBAEAQBAEAQBAEAQBAEA+Ub5YAUsVUsbh/pNeouSSO/W8gkowYBuDANgYBm8AvdmH6JfFvjAPVbrIGSqD2r8DOZwU47rJjJxd0RxuLglrHEGimbNnJJbLmvcvlJyBr63tx14ylUqz+Xey8ztzprO3sWmI3gwdEWaummlgc7e8JfWejQ2fXcVGMH35etjDW2hQi25TXdn6FJtDfjDMMiUqtW5FteTuQRaxBzA3t1TdDY9W15yS8/3xMM9s0k7Qi35FKm9VapVVKGHoo7EKGYGpUuT1sdbe48Js/wAVQpQc6km0s+r98TH/AJevVmoU4pX7zkMbi6wDVcTVteuHSmOTb6JUNhYC5PKDiNNZa6VCk7Qpr6bN5rO/pbg8ytVa9WznUf1XSyeVvW/URsHsukKlVqr5hTrGmQxADjnC5Y9d7af6FlTEVHCMYKzcb5cO4rpYampylUd0pWz495vSr4OhkdbO6lGB57GwakSWDAKHsKug4aeMiUMTVvF5LPqXCXVnbQlTwtK0o5vLrfFdeV9RhtvG6hKTFbIHAAsWAo3ay2F/omtqLZza04q4aEU3OaTztd8Pmyz5q+unE6o4mcmlTg2sr2XH5erl2amS9cu7UkFMMtJFzG5RaYUKRfNZuaNeI6j1zPLF4WMUpycmm27LW9+WWff1GmOExUpScIqKaSV3pbTr/BxGx2a3K1mYKLKNTlHYMxNh7pXLbCV/h00r9f3t7lkdjN2+LUbt1fn2JVHZNFfs39ok+nCY6m08TP6rcvfXzNlPZmGh9N+f7byJ1JAuigAdwA+ExTnKbvJt88zbCEYK0Vbkb3nJ0aVa6qLswUdpIHxgEb/alM9DM/sqSPPh6wD6BsGgyUEDCxIzEdmY3t5GAWEAQBAEAQBAEAQBAEAQCLtTEmnRqVFAJVSwB4GwgHyXbu0EqVSbOajKGa/A3ZQFA6zYnh2SCSC6EEgggjiOsfzANQYBuDAM3gF5so/RD2m+CwDXaW2K9ABaVQoGvmsBc2tbUi449U9nZOGpVt91Fe1vueJtfE1aO4qbte/2KDEY2pUN6jtU6+czH3a8J9DGlCCtBJckfOyrTm7zbfNl46UqIrlVonJVHJqxDObMjaXJOUAEd+c34Tz051dxNyzjn1aPuvx7LZanpNU6Sm0o5PLr1Xl637CBjsXS5enyV+RplMtwb2zZ3NvFj5CaaVOfwpb/AEne/hZeRmq1abrR3OirW8bs4YAVlfOiX6Q5w5pDKVIN7dRM5xFfD7m7OaXJ55Zk4fD4jf36cH3rLPmTVw2JZs5q5DnepdTYhnsHIy2tcADjME9pYWK3Yxcskuyy019j0YbMxU3vSlu5t5a3eunubU9ip9pmb0maptmq+hFLzNNPYtJZzk35EulgaS8EHv1PrMNTG4ip0pvuy9DdTwWHp9GC9fUkgzKaheQDSriUXpMF8SBAI52mp6Cu/gth5tYSQY+c1m4Kqe0Sx8lsPWAZXCVX41HPctkHpr6wDPzKjTN3NNT2scz/ALmAPntM9BKlU/dWy+8n+JAPa7obTq1ldaoAKZbcCcpvYEg6kZewSQehgCAIAgCAIAgCAIAgCAcMbh+UpvTJtmUrfsuLXgHzHaezamGq88a2IV/suvX/AOOI9ZANKiJWHO5rDg3WPHtXv84JKjE4V0NmFvg3eIBxBgGwMAu9kH6L8bfBYBz2tg2qZctri/Hvt/E9TZmNhh3JT0dvI8raeCniVHc1V/P+iHS2KftOB4C83VNtwXQi3zy9zBT2HJ9OVuWZLpbJpDiCfE/xMNTa+IlpZcvyehT2Rho6pvn+CXToovRUDwEw1K9Wp05N95up0KVPoRS7jpeUlpi8A41sWi9JgO6+vlAOJ2hfoI7e7KPNrSQa8rWPAInm5/YQDSrSI+sqOffkH5bQDphqNAAPmpqD18W/kwDeriFKkUQ9Ruo5SF49Z/7QCrwGNxIqkFctrgllOVey1xzjAJ9atfp1aj9wsi+WsA4iqi9Gmg7yMx/NeQDtRNetoivU9kEgeWggHu9ytl1KNNzVXKzsLLcHmgaHTvJ8pIPRwBAEAQBAEAQBAEAQBAEAjY/A06yFKi5lPmD2g9RgHzrbuxKuFa9y1Mnm1BxB7G7D6H0kAolw71KrB3OS6le23O5ijhfX064BnHYIprxU8HHDwMEkT4/64QC62Mfoz7Z/SsAmEwDXNAOFXHU10Li/ZxPkNYIORxxPQpue82Ufm19JIMZqzdaL4AsfWw9IBsuz2bpM7e+w8ltAOWK5PD9Sg9wF/A98AzgcetRTlR2Ydg0F+FzIBAepilqgZCOsG10GovduF+6SCVtDDrVHPquzcAcoAHdYHUSAc8FTWkLCzHiWZQT7r3tJBJR6tU2QPUPYoLW9w4QC0wu6mMqcUFMffb9luRALnCbhr/VrMe5AFHmb38hALzB7s4SnwoqT2vdz+a4HugFsqgCwFh2CAZgCAIAgCAIAgCAIAgCAIAgCAc61FXUqwDKRYg6giAfP95N2WoXqUrtS4kcWp+Pavf1dfbIBVYbFdTWIPG/A+12H73n2wSV20aVJScr3sVuvWl83E/h9YB1wFZwpCoG1vfMABcdfl1QQd7Vm+0q+ytz5t/EkGRs3N0iz+0xt5DT0gHRaVKnxZF7ha/kNYBg4hSDyau5tobc0d9zIBU8riRVAyEdd7HIBfU5iLE90kFnUIPTqO/cOavlrIBycU7FeTWx0N7k+d7j3WkgxhaX2KNM+ygYn38SffALbC7sYyp/TyDtcgegufSAXOF3E/wDlrHwQAerX+EAu8JuthKf9IMe1yX9Dp6QC3p0wosoAHYBYekA2gCAIAgCAIAgCAIAgCAIAgCAIAgCAIAgAiAeK3l3Uterhl72pj4p/0+XZAPF08Ihql2FwQLj7wI1I6xpw7zIBcmnTUtkAubEr1EgHhppBJHZ6v3EH+Y/xBBxdAenUdu7oiAagovRRR38T5mAZ5ZnNhdj2C5PkJILHCbu4upwpFR2uQvodfSAXOE3GY/W1rdyD92/iAXOE3Uwif0857XJb04ekAuaNFUFlUKOwAAekA3gCAIAgCAIAgCAIAgCAIAgCAIAgCAIAgCAIAgCAIAgHmd492BVvVogLU4kcFqfw3f19fbAPI1Nk4pTmNCoFDam33SOA1tfukAkYfYeKqdGiwHa3NH5tfSSC2wu5NQ/W1QvcgJPmbfCAXGE3SwicUNQ/fN/QWHpALnD4ZEFkRVHYoAHpAOsAQBAEAQBAEAQBAEAQBAEAQBAEAQBAEAQBAEAQBAEAQBAEAQBAEAQBAEAQBAEAQBAEAQBAEAQBAEAQBAEAQBAEAQBAP//Z','Image of battery',3),
(4,'data:image/jpeg;base64,/9j/4AAQSkZJRgABAQAAAQABAAD/2wCEAAkGBxMSEhUQEhMVEhUXFRUVFRUVFw8QFRUQFRUWFhUVFRUYHSggGBolHRUVITEhJSkrLi4uFx8zODMtNygtLisBCgoKDg0OFxAQGi0dHR0tLS0tLS0tLS0tLSstLS0tLS0tLS0tLS0tLSstLS0tLSstLS0tLS0tLS0tLSstLSstK//AABEIALsBDgMBIgACEQEDEQH/xAAcAAABBQEBAQAAAAAAAAAAAAAEAQIDBQYHAAj/xABEEAABBAADBAcEBwUHBAMAAAABAAIDEQQSIQUxQVEGEyJhcYGRBzKhsRRCUnLB0fAjYoKS4TNTY6KywvEkQ3PSFRaD/8QAGQEBAQEBAQEAAAAAAAAAAAAAAAECAwQF/8QAIxEBAQACAgMAAgIDAAAAAAAAAAECEQMhEjFBBFETYTKRof/aAAwDAQACEQMRAD8Aw+ejZRcVb1XudZpO66tF4HnWbZaTDZTcILCL3LIEut691ovRPljvUFBnDkG1qdid8qaJLQ+t6ozCs5q26CtQuNl0VnJFognQXos7WK+GY2j+vITm7OrVEjAWNy15QSbOxN6I5wQOHwhaUeWEBYukRSNtRdSiGhOes7ahkLFI4L0YUpjUUK96ibOUcMKh5sGp0QK6WyjMKKQoipEselKOmjsaKqlw5VjFiFO0ByzvTO2aezXVSiMK0xmBvcqyaIhdPKULCRuREjNEDh96smlBFGENiIdVYtjQuJCY1ZNhH4bRBSspWsbuBQ+Jw63Mk9K7qrTTHSNihKdJArtdo2YCtaTxgmneETFKapDPkcHLG6yLhiAU0rRW5Dx2dVPmIGuqb+gRjaPcnyPCn6vkEFNCSVN7Exw4ItLC2inwAgUU/qtbTVBTWAhRDDUbStkpe69TxomMaIgaBoUAZ1JFNavjsHClI1oO5DAKeELnlNKZLh0NJGrDNwSOhsrPmAW6KVsqPZhQQhJ4QFfOK8yZPEgKhYxIWFa6RHioVWh1GlcubaBlw2qsreujQVNBPXFRdUUjMOSbFnwsqbjGll9ItQTsBCWLBSHcx58GuP4Ilmz5f7qT+R/5JMb8FOIKKfSs3bOkGpjeP4X/AJId8BG8V46Ldv7CQ7kx8VoqJiR8WtrntYr3wUkDUZOEGN6su0qWOMFRz4ZTxRlEPZzWvLSKUwkBNYBferdzG1RKG+ijeE2Isp3KQwUF4NN7lNI0kUs7+IghlG5MleAU1sNFQY6E1a6YxRUbgUkxpU+HxBbom4jaOq1IaWObvUsLgqB2PIRMGKvULWl0vCAVJDSqPpHJS4Wc2pZ0ml0H8kTHJoq8jTNYA5nQeqhl21h2CnShx5N7XxFhY/hzz9RrSxfNqpope9ZibpPF9SJ7+RdTB570LJ0mn+o2OIebj8TXwXSfhZX3dNeNbyMmtdPHQepUWIisakAczu9dy51PtyY+9iS3mGUz/TSr5cfEdXvfIe8krpj+FhPdt/4vg6K6eJnv4iJv8THH0u1DJt3Bt3zF33Wv/FtH1XPP/loh7sV/eN/NOi21K45YohfANaXH0AXacHFPh4xvT0ow/wBSKaT+Gj6h34Jh6TH6mDNf4j2/iy/isN9Mxr9zXAXV5aGblZ4qBzcU40XO9a+S3McJ8n+mtN4/pPifqwQR+Jef9Lwon9KMYfrwN8GE/wCq1k8J0bxc1Ud91mcQDQJqz4H0K9jOi8sbnNfI3QGiM7g4g1lGmh8e7mtTKfBqWbfxp3Pgf3GOP/1Cng6ZyxOAxOFYW/aj/Zu8rJafDRZWDofjMssjBQhY577dkIDSBly3eck6NNE0UFh9ryNPVzajmfx7lvzpp3LZe1cNLG2aE52nQ2GhzHfZeK7JRUu14m72EjuK4jg9oOw7y+MkNdWYcCOHpwVwOkZdvK15biOjYjauBd70Lm97cvzFFBl2DeajxGU/ZlGXyvh8ViBtQOTXuDuK458PHl7iNji8E5u8acCCC0+BCrjhtVQQY+aDWN1t4sOrSPBafAY1s8YlaK1pzeLXjePiD4FeDm4P4+56SicPhDSWSAhSYfEgb1M6QFefJi6YqXEPLtERHO7joptlYMk2Vaz4EVuVyyk6S1XRTc1K+S9y8/DAblNExc5d0gZoK9iGWFaMwlhI7B0us5DbJTYQk6BDy7OcteYAocS1rQXEgAbydwSclXbJnZZKcMJ1Y1IHiapJtPpCNWxD+I7z+Sz807n6uJPyXt4+LK95dNzG32uH7RjbuuQ8m9lvqdfgoH7Yk+rlj8Bmd6m1SSYsDQa/JJHhppQXBrsvE0Q0ea9EmOPpvUF4nGgm3vc895JQztoAe60KXD7LBIBN+YHzWq2LsKMNJcwG2ntEW5pttUMp13jzG7VZy5Jj7LZGPE8rzTb8tPmtNsv2eY3EMMueJrQNbkzkOLczWERh1OdwBrXRHN2c2M5mt6zK/VtOILaLmgg6nQalaHY+LxIY4xvjiD2yFwe2JzWxg29w3kguAFcAmOe02w+G6DyvwkWNa4FssrIWg009Y+QsaN+u4nhQrfrW+wPsvgYA8hszmgOyvMgbKCxrqprhW93Hh3Gxtg7eJg2fhHBwjjxMGIDi0AUwyuMbSLL3Zq1reHclPtLpE900paTIx1BlDqxkYXlzco7JdUpBPh3Ldsna2ki6MYfryWwxgSRksiDKIc/VrCJA7UBzdTytSYfZfUu6gOcxrBJI46ljXtNl4odr3BR7iPErZW3HyTOc8NDHkGZxDnAD3c4A1AaXctO4WmdLsf8AtS/MHAktaMxDXMrVzQ0XR19SuHn1v+02h2c1s8MbDkDA4vkkkIaAOsc3JuG4OB0uye4qn269j5y6FhDTGxoJ4uuySeNADR2tBWux4DVTnExxnX9mIxG5uXNrmcLO7TW7KqjJCwuDcxDjy3Oya20nTU3XD5s7dT+za3wYmw8b3x5WtIa1+drnC2gPq3NOUnhrXfuQnSTpK+VoDmszEPEjqsuJaGVdCmgNI038+C0ezNmjGQ9VmETbc6JzyC0PGRrnUHXuY7eRvvxy+N2S4SNaC1+tBrHB2Zwotoiw0EDMTelWMysmXwWewtozyMJleY2hry4tJbcVZLfXCgWtbu3mtFznbuGM7pZ42ZYm6N7gN3mtl0gld2NnRHNLI4Omc0ZQXGqaAPda0UAOAA70B07mZBFHs6GuyA6Vw4u36/rku8mosYLByE6HgPgn9aosNo53h/VMJSAxuIKJhxxHFVdpQ5UanDY4O0KueikmWd0f1ZWk/wD6M1HwL1h4J6Wo6Mz3PEeTx8QWn5rnyzywsZs6bl+GSBhCPyqN6+NLtyewuHa0L0haSs5DtnOaaUd1jhqs5Y2d1E+NiB3ISNhCmbib3p9XuTDKaXYiGcDem4nGNpCOichJsMeK1jqofLiALc400AkngAFidvbZdO6m21g90c/3nd/yRvSbG69Q06Ci/vdvDfLf6clQBnEr6P43DJPKumGP1CdBZQj3uecrf14p7g6Z4Y3wAVnHhnRO6kAtfoTdAADXW9D8bXpuWnQuG2Qxga57hZI0Og51qtJs8symNtEOFAg5de88RelDvWSbKTqe1pWpa7sns6XdHv38VcNa6LS6aeTrrjXLcWnjvXDkxtntmxDjA5sxa8GwBoSO6qI4aAq9wuLLWCuI77I4btxPPuVdGY3vL3Z5CQBT3E7roBzd2p0vTVHRggOa0Cmka62bAAIHK2+RPhecpuILOPkY3O6J2SyLJAt1a3/lv0UZ2rKRI8sblkgex4GcM6t7MoOhsUSx2p3gVoVB9KpzM8fWtFjK66ey20AQb0LRrvRW3Orl62bDxOgjMYLhmztGZpGhJ7IIcOzyZppdb48dTrpYk2bLZwwjkzOjhc8glzAHdWzMxjxdH3vQmhrb9pYSR3/USMa0vb2adEN1NDg1lam9DQBFd9UuEloBgoAQ5AaYDTwHl1tOpcSaedQDQO5EbTx7nyF2VrQ7dTQ0WAa1FXW7u5b10uU0tWWysa+KN80TqLxkIAIIboSA41R0UcEmZ9ZtQctUDWoogXu13/0QmHmdbWMOlaADMasaBp0J3eqvdiTZtZIv2RLbkPZcHCiKceNZtNdCfLnJvSLXECWCFlFro5LLWyZHFuZpbnuyWv0IsaaEaqibh29SXHO1r3S0/K0lxymu2QOzoAaA0aaG9F9KtrQSvBYJMoJNTOLmtFAARDflvMaduvxCpZGxgaOttOy66tJB0rXTXXnrz0xyZTy18FjszasvVugjmDGNOYlzhmrtAlgLbcMp1GuhVjNjjEx2JlvMGZYw6gQx3aa2gNL0ca7vsgoLZuzo43WQCA0NJaKzPoOY3Xyc7+HkbrtuSvxmJjwbSTZAcfAak+AFeRXo48dTtYM6LjqYZtrT6uOYRXvJOljxJr1WE2liHSOLnG3vJe88hyWy9oGOaHR4GPSKBoLq+0BoD+uKxGKNRmQ73bvu8F0rSviNBx5mv18VEpX6NA8/18VEFAqVIEoCIc0rQ9Epf+oj+80/FZ1XvQ/XExjvWcv8aV1ps1pMtoZsZRkLCvkThzc/Cslg9mZJNAtO3D21CxAA2U6XaoGgXK5XKarmFx0WVR4TEBRYrF59ExjAApjhqGl7C5pTccQ1jnnc0Fx8ALVRFMQU3pHjawknNwDP53Bp+BK64Y7yk/aMG9xcS929xLj4uNoHaUuVuUcd/gjiVVSN6yYMHEgeQ3r7XqPSJwGGIZQBzOsk6CmgXvPmvTT5n2e1pXPUcR6LR7QgyR5huApw3bxlI3aLKvab0Gmgtcscpl2giNtkXw8OAoaI0T0CCBrQJFWK7hoN9IOI6jjoPQoxg7I5E/u0d9ac93FZqG4SYmzmdqTVk+7wVjgppASGFwuwdTqzdR5hBYBtM4eg1u9DanjILA4WNxA03c+46qUWcWFzvbG55aT2Se20NeN1lxy1YGorSjovbW2Q2CCV73sc8MYAGOa8EPf23Rub2SwBrrJ4vA0OqgzPDrGZzbZRdqczRqCQOOvfpzSdIMnVNygB+YZhQzZcpJ1/hafNMcu5NCbZeEY2HESSOex7XRxx017m52MdbHkXQ93fe4Kte4jtNJDNc++v+PEA80TgXEQDtOAc9xeKNF3u0D3AanvrwdjMgaazC9QXE1eYDdrm033yWssu1qXZeMySe6aIymy5oFjQmr5rU/Tm9UIXSlrR+0toa9rXhnugkX7373G+OmMYHA7swIOUjMN5OUir1NDRW2Gje2NzHguGXM29KB1vU2QLBAo71ny0iDaUvYq9CXnMd5s9po7I5ce+jrq/Z+C7LSSHBob2ftSaZGnuu75BpUMcIeC1rTqQNQQd9b6q9brvV1JF9FL4ntLXRtqjRJmlbqdK91hAvvOiSeV7+Cfa2MbGDlcXMYDkJAaXPdq55A4l1+QHJD9BmCKLEbTl4AtjvieJHiaHmVntsTuflibZLiABxJOgHzWh6dvGHw2H2cw8A59ca5+Js+S9EajGSvdM8lxt0ry5x/duyhNuSW4Rjd+AVns5uj5juHYb4DeqKSTNI53JFD4g6+GijXikQLac0picED1pfZ3Hmx0Q7yfRpP4LM2td7L23jmnkx5/y1+KiOvOw4XhEFISmFTTe2ZkYT3KFuz71Vq5oK9h2ar4N3HjVb8FQ3IZ8btyvsZFogom2dVqZftQDI+aqulZqFo5yNHoHO/BaOcNCzfTA/s4v/IT6Md+a7/j2XkxWe2TkNBQdG4c+IB5a8Of/ACm4rFNqr+aN6Ei5nb7oVV8yvqct1ja7X020mGa9hadxBF6CvRY+fYUp64vbIC0XGCC3M4ysB0OtZC91dwW8jHaI41r36aG+NVxpWuMxDHyuygkcCaOjQAPNeLgz1bLfaY1x9sOXNmzNNHKHaE0N1Ea63xUzgcpeDpqADxFUKHkusdRG7ePgFFLsOF++Nh8gvZ41rTmMZ7GougDZ0oXQHhqTSIgYKbrVBu6zqATuJW9k6KQEVkoVVAuGguuPeUx/ROOgBY5a5u5ZuOX6TTKQaNdTsuaswo5SbBDrvsu0+CrdrSZmhh4OJNbjwDhwF66Le4bos1sjJDI7syMeQGt1yODq36XVIfG9Fi55fbX2Sdfs2SBThQ38CVibndgy0OYAMoGwHAGj7wArdv0PmVHi3loDuz2RW7fZ4jjvWmHR5zTmyO8u0PQILamxnurQ7xYIo0LogXzWP5Md99IqsHLGWtNNJJ7QGYHcfKtAb1qldyZXwiw4kbu01xDTlIFmzryVdBsYxkuvWzpuFHhWittnwElsLSTmOtEA0d90NwHPks5ZTKzVTaz6F7GzOfislNhst1dlfN/2tDfu2Dy3LP7fc/rXGQnOTmcbu3Oo7+Nbr7l1fZOBYyH6NR6stynn96+d63zWM6V9HH5mxPfRs9W/KKkYd919Ycl68MNTTTMdBcJ1+ODz7sQLzyzbm/gfJVfSraJnxU028AljPAaD5X5rWbNwZ2dgsXIXNdI/RhHFtUzw1cfRYLAtzOY3gX2fBv8AwujUGbTPUwNj4huv3jqVmxoy+Lj/AF/JWXSLE55Mvf8ABV+K3gch8d5UA68V5eQIlC9SUBB5br2TRXipDyhPxc0LDBdI9jcVvxLuTYh/MXn/AGqI6SGp2RS5V7Kq0ywmoorDygrFybXc7cURgdqEcV8SYvLqts8AhAyYY8ENhdoWNUccSKWMsRXyRG9yrOkmBMsJDRbmHO0c6BBHoT5gKzMpca3J/VFc8M7hnMp8WOYbY2IA1k8XajeN/wBl495p5EFD9HMT1M4P2tNefBdCxmDMJdIxnWRP1ngHH/FjH2hy4rMbe6PNLBiMM7rIjqCN7TyI4EL72GePNhuO29xpWT5jdZa3HXLR3jQAjyHrxusIGgdkWe8V4UDuWQ6H7fYagn0eNGu0Ad3+K3bIA7UG/RYx4MMbtqSQ1rFMyQBK3B9/yTzs+973fALspW4lv6CmbR4hDtwI+0T4qYQ1uVEjo+Z+Z0UYrmPknhp5j0/qlxOBDS1weCSLNVp3EWggLm8/mnZhz+a99Hvj8P6rxwo7j5H80DHQMO9rT5BWeBxDeqMLYms1BzNAbetm+fBAmDlXofzRuEiI09fxWfDGXciVY4dlojE4JmIjMMg+6eIPAgpkYTwaNrTLGYzCuhkMErQc15b1ZK3z3OWL6TbDhh/bwnIBdx8BfLl4Lte0cDHioix48DxB5hcA9o80sUhwrzmN6O4lnC1drIycBzvLzuGvooZDZJRjY8sYHP5D+qFe1QQrzV5y8EU+kuVNtKHIFyLq/sag/YYh/OVrf5WA/wC9cqa5dp9k0NYDN9uaR3pTP9qDYZFBjMUyJuaRwaLqzzIJr4FE2uY+1/aOZ0WFaaq5X0a1PZYPTMfNFUzdnFrqKNhwmlrVT7KLjdJ8OxV8icfJl8cfGqPAR8FeYfCk8EdhtkgHcrSHDUtz8TK+63OP9qyHZyIGz1aNjCkFLtj+FhPbfjFfFs8DgqbanRZ7HOxGDLWvOssDv7Gfn9x/f681q8yQvXqw45h6OnH9p7BixTnCEHD4lur8PJ2Hg82HiO8aeCC2Z0lxOCd1WIa5zRzFOA/Ed66ztjY0GKAErLI917SWSMPNrxqPDcsvtXYeIY3LIxu0YRuuo8Uwdx3P8qK67lZ1ofsfpPh5wCx4vjqAQe8cFcA33hclk6NwyPJwmIMUo3wT3BKDy13+CkZtzaOBOWeNzmjiRX+Ydk+CaXbrBSBYrZftEgfQk/Zn97Qeq1WD2tFILY9p8wVAaAkcFZYGeNjC6w59aD5D8VWPNopWtTiAmAJwCAnAYcyPDB+gN6t5sJHG2gSXEgXp5qmwGI6p4f5Edx3rUNlikjL2EHTusFEquanUkYkxEwY0uOirKs6QbbGFjdITVAlfPGPxz8binzvOrnadzRuHkFo/aZ0nOIl+jxm2g9quLuXgP1uVLszD5G3xPyUVHiWeg0HggZWq3mZarHszPyjcPe/JUAvb4eoCRkZO4E+ALvkrBzaOgA8AAo3yO+0fUqKfhNhYmTVkLz4gM/1EIn/6ti+MLh5Zvkg4W3vRrHEbiR4EhVCjo/K332SD+Bw+K2uyOlUuHiZCwRtYwUGlmXvO4jXjayDMdK3dI8fxO/NNn2lK4U55d40Usg3cvtKLBqyN54Bpdv7zqAuf7U2g/ESvnkNueb7gOAHcOCrnalSSkgAD9BZV9EtYE4AKPMlzppdprXg5R5klqifOkzqIOXsyCXMkzKO160D7S5lGCnIBNpbLgxAyzRMkHAuGo+67ePJUknRWSMf9Linsb/dTgYmKuQvtNHqtMnNCbNOabV6OHX6Rs8O33Lgna+PUnUnyWcGwYcxGFx3VPH/axAdh3g/vHcfRdwIQ+M2fFMMs0bJRye1r/S9yu005H1+1sKLLDMz7TalBHcWfkisB7SyNJoiOBo3RHPitrJ0IgBzYeSbCO/wpHZfNjrFeirtodGMYR2vouPb/AI0fUyV3ObYvvsJ0dm4Hp7hZPr5e49kq+wu2IX7nt8LC5ztPoxCP7bA4rC6+/CRio/HjQ81Ts6ORus4XHx39mTPhneFnQpo27QZWuHvBS7FYWyEl9gihr+C4yNmbWirJnkb+45kgP8pspjtr7Waa6uYH/wAUvzpTQ79iMfHGCXOGmvkuV+0H2gBwMGHdZOhcNw+6eJ7/ANDFY120Zh+1Mgb/AIhc1o76cdPJD4bZgBsnMeJ4eXPxVRFs3BknO79dytsySqFBNKCPG4jI2xvOjfEqLDYbK3XedT4psLDI/rD7o0aOf7yNJQByRod0asSy1GYkA0UakpT5EwhBGUPM5EuQcxQRxCynOOp7tPxP4J0IoEoaeSgOZNqK+hg5OBULSnAoqUOSlyhtOtBJmShyYE4IJGpU1pTgUDwnBIE6kCWnBIGqRrUUiUBPATg1AxrVIGJQEoKITKgsfsXDz/20EUh5uYwuHg6rHqjyvBBk8T7PMGdY+tgPOOR2ngH5lX4n2fzbotozgcnh7/8AS9vyW9XkNOYy+zPEuNnFseebmy/+xSM9muI/v4fSX8l1G1GShpzqP2bSfWxDB4RuPzcEW72axFtGeTvprACfy7luiUy0TTByezZtUzEkfejDvk4IOf2cTfVmid94SR/LMukWmkoacnxHQTGN3NY/7j2/78qqsXsTFRe/BIBzDS4erbC7WSktDTgnWDcmuC7btDZGHn/tYWP7yAHeThqPIrK7U9nkZs4eR0R+y/8AaM8L94fFU05lO6kOW6K4270fxGGcBMygTTXNIc13gd/kQCosJsxztSKHPik7RWmMkBrRZOn5o2PYWbWQ1yAV3Fh2sGgTXuWpim3TQ5OzKNilAWGyhPYF4JUElJwTE9qBwCc1qaFKxAoCcAlCcEDmtSgLyQFBIAvFyaSvBAuZPCjT2oHBeSLyD1r1rxSBApTSvWkKBCUwlOTSgS0tpCmoFcUwuSSHQrmO19pSy4l0L5HGMAkNByC745avzVkRtdpdKcPES3P1rx9SPtkfeO5vmVlNodMcRKS2HLCObalf/MeyPIHxWQdIXSmM+4Do0U0egV9DGANBS3IlqIYck55HOe47y4l59SnPcnvKgeVWUb3KBxUj0PIVB//Z','Image of mirror',4),
(5,'data:image/jpeg;base64,/9j/4AAQSkZJRgABAQAAAQABAAD/2wCEAAkGBxMTEhUTExMWFhUXGBoWGBUXFRgaGxgYGh0YGBcYFhcYICggGB0lGxgYITEhJikrLi4uFx8zODMtNygtLisBCgoKDg0OFxAPFSsdFx0tLS0tLS0tLS0tLS0tLS0tKy0tKystLS0tLS0tKy0tKy0rKy0tNy0rLSsrLS0tLS0tK//AABEIAKwBJAMBIgACEQEDEQH/xAAcAAABBQEBAQAAAAAAAAAAAAAFAgMEBgcBAAj/xABIEAABAwIDBQUEBwYEBQQDAQABAgMRACEEEjEFBkFRYRMiMnGBBxSRoUJScoKxwfAjM0NiktGisuHxFSRTk9Jjg8LTNHPiFv/EABcBAQEBAQAAAAAAAAAAAAAAAAABAgP/xAAaEQEBAQEBAQEAAAAAAAAAAAAAEQExIRJx/9oADAMBAAIRAxEAPwDXgaUDTIVSs1UOFVD9v4wtYZ9xIlSW1lI5rghA9VQPWpmahG8PfOHZv+0fQpUcEMTiDPQqbQn79QEtn4UMtNtJsltCWx5ISEj8KVi8UltClqICUgkk9Kcmsy9rO3/Dg0Hxd537PBPqQfRJ50FR25tdWNxCnleAWbSeCOBjmdT6DhXBUbDogUjaeM7FpSwYUe6j7R+l90X88tUC96toqSewTawKzz5JHQceZ8r1ZdLNNqNZV1Bo5sfZgcUjOrKlSgkX1kxrw1/2qPsvBhPfWJUDAT1gEfiKIYtIKikLSpJ74ymYKhKkJ6JJUJHMGrELbfXlyBOURkUALyIJv0VBtSW2rWkApEzHiEE218VvTjTizPeVqbniM0AKV5mATy4Uhbs1ULcIkknXX/blSVv+Z4X+VNZedKyUVwuGklZpdq5IoE5zXu0NLtXIFB4PU83iKZyCk9nQEUYgGJ4aHiPX/epaQFaEC5PKIBgTxHCLa0EBIp9rEEURZMHiHG1AIMEkJIiQIkhBBvPGbGRqLU3tbYDOMW4pBS07IyQISsBNyrgSTN0gECLK4RMNjQRlV0vxEaDy6G3lU4NqzBzWTzgE2Iv9E6zx0idaoznamCcZX2TqSlSdQeXAg8QeYqJWnu4VnGIUy9CXc6lJeETnVcySeQiCYIA0ME5ztHArZXkWOqVCYWm4CkzqDB+FRUc16vV6gUk1aNjYztEZT4k/McDVVqXs/FFtYVy16jjUGuez/b5YfSFHuqOVQ89D+XoK25KpEjSvmVDkEKBsePSt13B2x7xhUye+juq/X64VFWYGnBTVdBqoWTXqTNdoBIVXs1NZq9mqoeCqEMHtMc4vhh2ksg/+o8Q66PRCMOfvmiKnAASTAFyeQ4mhm7AlgOkQp9SsQqRB/aXbChzS0G0fcqKIbV2glhlx1ZhKElRPkJrAXMUt91b6/E4omJ05D0ECr/7XtrwhvCpN1nOv7KYgeqo/pNZ42IFXETW9OtgB14VV94MWFuEJMpR3QeZ+kr1PyAo7jXVoZUtKTYQFRYZu7mnoDHmoVT1mpq4ZUaIbMwui1CxnL1KYMToPEPjUXB4YrVA4XPUC8DmenGjD3eFvCZSBx7sQfOVT8eFqBxRUXJIhQBTw0ywn+m3oPi4AEiK5m1J1N/jeOlJSmb1UeuaWExStKQb/AK52A86K8Vcq4hBUoJSFKUdEpBUo/ZSLn0o+3sFDIC8apSDAKcK3HbqBuC6Vd3DpIjxSsg+EVpnsyx+CxOHeaw7CcK6kFLgQsqWUqBCHA8YWriL3BT1EhlyN0sSI7csYUHT3p9DSiOYbuv4pFXPC+xpz+LjEjohkn/EpY/CqVvTsNxOJxDKQlOVC3FBRJKgkSvszEq7uZV+CTc8d33L2p7zgcM8SCpTaQuP+onuOf40qojJd69z8FgFoQ7iMWsrTmlppiAJIvnWDNjpypG725bGPK04XGOpUgBRS/hk6EkA5m3Y1Bo17YcOlzGMpWVBKcK84Skwf2aXXBfzSB61K9izYw+zsTjXfpKJniW2EwAPvqcFBUNpbjvtOqZQ/hXnE/wAJGISh2YmOzdyjTko0A2hgnWF5H2ltL4JcQUzH1ZsodRNQ9o7YddeccWkKLilLP3iTx4Xorsre11Ceyz5mjY4d9IcaI5dmuyR9nKetFDyKTFWH3PC4n9yoYR4/wnFlWHcPJt0ypgnkuU6AEUGx2CcZcU06hTbifEhQgjkeRB4KEg8DQMoXFFtn4+O6q6TqD+vnwoPS0KoLGptSTKDZQjNIBPDKT9Yi1on40vHYIYzDZHEkrTl7FyBmzGAEqk3ERPRM8BULZeNHhVdJsR+tL/CiD6MpjKDJBBvJBIuOSgeUfOiM1x+FW0otrELQSlQ8tI5gi4PEEVEBrRd9tmKxDQfSkF1lEuqBHfTJ4DUoAJKuRjWKzk0Uo0pJpBroNBaNg4nM2UnVP4HStH9lO1+zxPZE91wR94afL8KyLYb2V0cj3T66fOrZgMUWXUOD6Kgr4a/KaivpeuzUfBYgONoWNFJB+NPVAqu0ma9VAU16nS3SclVkF3oOZnsBriFpw9jByrntSOoZDqvu0ZkAcgOHIUFcHaY5I+jh2Ss2/iPkoQQeBDbbo8naRvltT3fBvOA94JIT9o2T8yKDHd7dr9vjHnZkZsiPsokfNWY+tAn8STxponhXGU5lpHWrgse8mLyYJtqf3hAj+RuCo+rmTX6pqkuqo9vk/OIKBo0hLY8wMyj55lH4UCwbedfQX6dJjhNqzvuqJYJkpATYFd556GPMEC3QVLbHE8bnTU8Y52FMIk6m8yRPKClQjzMEcqeUaoUO8af0pLSYFeUeZgfqTQLYZUtSUpSVKUQlKUiSVHQAcTVnSEYEd0pXihOZ4QpDB0KMPwU5qFO8LhMXNLwbHuTMq7uJdRJOhw7KhIQOKXXEkFR1SkhIuSaqGOxPak3ytp1NQN47HqcJy6SSpZOpNySeJ401u3vIrA4pt9klZSYWJgLbPjQeh1ngQDwoXicSXTkQIQLAcSeHmelWTdDcN/GmQA20DCnVglMjUJTYuqHoBxI0oNU38S28xhtr4X9olEKVGq2jZSVcjGZB5XFSfY5iQhvFYLNPu72ds82XhmbVPGcqlffpzdzZjeBy4GVuYbEZkHtCCUvkFVoAAS4kERwUhOpUTVc3WWNn7WSw4uApDmFJJABSiHsIsz/ISyOqK0hXtgfy4lxR0Ts9Y9XHUtfg4ae3sSvCbCwuCaQouutpK0oSVHg46YSJ/eLF+hqL7RH2sRtFOHzBQe90YJSQQAX8zgJHQJqw7yOFe0VTo20hKeUK76vnFTo+fUPOt90KIg+A94A9W16H0mpDWPbXZwZD9YZinTUi6geonXQVvGM2CxiU5X2krtAJHeH2VDvJ9DWT767ltYZ4Iwz2eRKmleJoagqWBlIM6GFXFiDNNyJm0J77XVJE6giOYIsR5VZNmbcbdaTh8UFLZFm3U3ewpPFonxt6S0bEARBAms4XCrbSY76dSg26Sg8FQNdLQZ0o5uRu0rH4pLbJUlsd51wpAKETGlwFHQC95OgNFJ2xspeHWELKVBSQtp1F0PNnRbZ5cxqDY8CYKTWz+0F/Zoba2a53FJA7NxICvdTEIW6SZyq+kNSkkmLGsex+DWy6tp1OVxtRStOt+YPEEQQeIINFeaVBqx7NeDiCg+KO6Tz1g9CQAfjwqsoNTsA/lUKA7hMWpsrJA4+JOaDHhMEEDNrBmwqg727H92xBSm7a0hxtQ0KVctbAyNTaKvuIPeQ4mJkHSYUAfxEW5pJobvZh/esKp0Elxnv5e7Zs2XGUCZsokk+CgzuvCuV6oHEKirgh3MlKuYB/vVNFWbY65YH8pI/MU1cfQfs0x3a4BrmiUH7pj8qtU1mPsUxktvtE+FQUPIgD8Qa0yoFV6kzXqAV78Pq/Ove9A8Kpg3yY5L+Cf/Kmsbv3h221KGfNlVkBSnvLAJSmyjqQB6itxmju7zmft37/ALZ9ZE8ENRh0R0Iaz/8AuGqd7ZNoQy0yD41ZiOif/wCimpuzN7GWGWmQ24oNoSiSUycoAJI6kE1Tt931415LiRlSlOVKTc3NzPWE26UhVLUaI7rM5sQidEnMfIXP4UxiNmrSOFP7FXkZxTmkMqSD1XCRHxpwV/H4ntFqXxWpS/6iVfnT2BQQgkak6cYEGU8/xtUFZomlAAA1EARoQTf1EnzjhWVS8O6VXMeYEE8e9zN9dedPtCTTSNKk4cWqhxVWr2bbve94rMoS0yA4qRZSpPZIPMFSSojk3H0qqaquB2q9s/DMhh3sl5RinrAhSnQC226lVyEsBu0i61GxAIgj797LxDb2Rwklw5lOKGpJuqRYjjb4DSs+21iO92KCMqDBIIIKhqZFiB+uFbvsbfPCbSR7rjmww8bZVGElRsC0tV0KNoSqCZgZqo++3stcZWVskFCjqbDyV9U/I/GgFez7dBGMPaOBSWUGFjTOYByJVrJ1UrgCANZG3YVASlKUJCUpACUpAASBoABoKyndXfMYNCMJi2SyEWSsJN5JJKh9IkmcyZBnhV7G9uES0p7t0FCU5jlIJPABKdSSSAB1oJW+BCcP2w1acZd8ihxBqme2vBxiEugX7ME9cqiPwmqLvRvniMY7nnI0nMG2RdIzJKJP1lwo946TaK1n2qYcKDRPELSfSD+ZqjKsPiOzfYd4NusL9EuAn5Vq++20kYPFB9wK7NTaUqKQCQcwQCZIsI+elY0+pORxvMCoJyjrEmtd9pGDOK2c28kZsoS4Yv3VhJJ9Pzohe1t7GfdA7hHULW4tLKCPoKWCcy0qEpISlRAUBJjhVMV2TATcrdczAqIW4orgyoEA5sqikq0JCuZqv7N3SfS9JUhkNq/ikjMrUJQIlV+VXHYW7G03nCpKCwgwJcUUpABcMJSO8tJLilREEweAqp+Kf7piMRiENNNrC3TCUqRkKpKpOXMooSAJMkwAa1lzEN7GwycDhAHsc6MyyALGLuuT4UpHhBsAJPGYKMThtktrbZfD+LghbzqiW8ODqcsmCT/DTK1mJtQzYO6mJ2gSsqWzhXDmcfcH7fFHWY4I5J8A175uIqo+4OYjFpQwpeLeXJeKBKcxIulatUi8rVAPC0E3Tfzcx1rAsYlZCnmEhp4gz+xKj2UqgZi2VBOaB3Tfw1qOwNg4fBt9lh2wgfSOqlnmtWqjXdvYrCpaU3i3WkNuJKFBxaU5kqGUgZjyNSrHzOmxinkK413aeCUw64yu62lqbUeeUwFfeEK+9SEmqiybNVnQU6nVP2hdPzt6ml7O7MlLShKFgBUkiQQQAqD3k9OeoobsZ6FD9eVSysIcJibwkSRAPfF0kRE1FZvj8KWnFtHVCignnlJE0xVi38woRiswmHW23O8rMZIymVHxGUkz1quUChR3d5fdWnyNAaL7vq7yhzTQat7GMRGLdR9ZsH+kn/yrZZrCPZK5G0kjm2sfNFbrNRSq9SSa9QfPHpQXFuZ8W03qEDMen0v/AIoo3Q3BYT/mS4eLQUPJalZf8KRXTWMFhTi9KTFdXQC9qmG1HpQhQyYB0/XWhEeRz/8AxFF9t/ul6aUI2smNnt8i9Pn3CKmritoEqA60WAvwPIj+xuPXlQvCjvp8xrRRqJEiD0uCPMcj+NZVKNTGtKhCpqdKof2bg+2dbZ/6i0N25OKS2T6BRPpW87w7ps4pKklTjeaAch7pgADMg2NgNI0rHNxlhOOYWrwoUtxVuDbLzlvVIrSle03CJOV1GIaPJbafxSsg1BWttbgY1AgdnjWhYJVZxI5IVIUPIKjoaj7D3txOCIYeStxrwnDYo5XEjky+oBKxyQsJ0AEVbx7UdmcX1D/2Hj/lSaW/vvsjEJyuPNrTycZdH+dsRVqRGZxuzXu6jEhhR1w+IASQTw7N2M3mCRyNPf8A+KYWMwZwTg+t7sgT95E1Q8dtDZmdaGw4hrN3cveTA5NPpUlM9Ak0yxhtmlWZvE9io/TQl1ojzCVLzHyKKVYui/Zth1OJWW2mwFJUoNZ4UEkHKEmEomIJANp0NxJ9prJXhREz2gTI1GZKhPxiqfu8naLzjyMNtBYbaKU5nVF3OpROXKHZISYN4pvC7RxuMPY4h7MW3VJICEJTmRmSVkpSCoCFQLfGnU4Y3jxzTuDZwreHCXW1JkgIATk8ZBBJvyOl5itA3Fx6Ds3DqWpIShsNrKiAAW/2ZCibDw8eBFRW92kKQApS1W4rVFuSRaKqG826oTnDaZUUnJzmDy4gSfS16os2L38wDCinBtIdd49klCE/eciVegPnVT29vPjMRIddyIP8JoltA6OOXUvqkT1CaZ3hx+CcwzCcIyG3kKSc+XJkAHeHaHxBRIPHmeYb2fsI4hX7FtzFGYK8xSyPNxUZvIR0JpCmN18VhGsW0rEI7ZCSe6EEpSYOVSWROaDGuYn0ArTNpe0mLM4cDkvEvIatzDSSpxQ9BQJG52Hw6QraGJSlJ0w7EoCund/aO/C3OoWM3p2XhiEt7IzAGAXciT0IzBZv1qauIu19/n3LObQyA/QwbJT8XHSlY9JqqNNpexBUnPCk+J4lalK5laU2nkRzvV5HtZwrQBGy0pH8qmv/AKxRJj2zsyE+5vJJ0hbf9xUw1St9cOsOMOLBCnsM0pZIjM41mYWr1Dbap45hQJs1dvaTttGNbwuIbSpGVb7CkrCZmMO4Lgm0EfOqO1VROwS4V60Xx6wCkkWyj4hRFxxtl+FAmDeiuNesiROtjP8ALy01qKCb+Npy4ZYAkhxJIn6KgQIkwBmNhAqpCrhvn3sOyqIyuLSBnJABSk2B00qnUHZovu6wVOWIH0bmNetCKMbtr75HkfkofnQaD7P2/d8YHnVJShKVfSBJJ4CLcOJFamd9cIPpK9Ez/lJrDVLNdAFyfjRY3Mb6YT6y/wDtL/tXq+eHsQkkxXaIkDark8JkGY+BqJgdqqAASdEITcXhIMD5mmymoeFHfWOp+RNWoMq2w7zHwFIO2neY+FRVIplQoJGK2ktaSDEEcql7zf8A4WH08Z0IP0cx00Pfj06UHIovt9A9ywwvOdRPWx/uPiKaYq2FHfT5/rWiLQg3BB6jUcx+uVQgkJvU0CDexnQg3HqNf1wqKmJqaPCKgIOlTm/DVB3c1nPikIESsOtieasPiAKte090sY+tKmQMPlBSXVOjOsEgxlbJCE2mLnrwFR3RfCMXh1Hg82PILPYknpDpPpVs342ptFnDpeGIShKzGRloJKQUymXFlSiRBEjLSnpaPZ+6hOfEbTWhI1IUQn+pagBScJgNkpN8diHyNS244pIP2mklM9M1Znv9gVtuNLW446lxuQtxalqJm91HkUn1qT7OcSO1cZJ/eJCk3+kiZAH2VE/dpSRsOEb2esdzGuo4Q644kfB7KDRBW6RIzIcZcBuCppKZ8lNQT8apyMIKp+8b+LwWIS9g3nG+0IBShRyqcHdGZB7qpEag6Gg0TF7k4xDinWQlOcQoNuKE+WZQJm5gzcmCJNB8ds84QSkGUHvgiFJkAnMmT/LeTYySTJrS9z9tre2c3isUA2rIsunQDs1LSVxwBCM0day7Cqxm1MTinmXkMIC0kJWgKJlIDaDrl7iRJHGedM0g5hN60hAB1oTtfape0uEd8nTgQBPAm8eVDdgYZOJSAG1l6VhTbAKh3DlUsAkZUm0XGtqW9s7CLxSW8SYwqUEhIUpCQ7Nw6okKSuxHeucp4Cqytm5+6GGfZbxr0PuupzEGOzQrijIPEUmUkrkkih3tF3+Vg1+6YVIDgEKcIGVuQCEoRoTBBvYcjQrdXeQbPxLyWszmAK+9qooBASHETdQBBHUD+UUS9r263vCUY/DQsFKQvKQQR/DcSdDY5T5iptXFO2DtLJ2mKxLvalSUElZUpZWVLEAcgABwAqJtra4xawltBCe7KlxPd+rBNiAnW9jQxjGlDS2+zStCwJ7ykkQSoeHUSZjSQOQofiEHS4lKVWVIhaUrHEnRQ9ajR/eEpygJM3qW9hSHGpt4RHG83/wmg+FwGd1toSStaU9bkD8Jq2YiHNoQBZEJ8soJPzPyq4zqZtUgYJtPPFvH4M4YfmKAtUc3pgIwqBY5XnSP/wBjgbSfUYagbdUPM60UfPdT5q/BIH5/ChbGtTXXtBynyuRr/SflyrKhu90DDtWiXXCIBAgJQOcangONVOrJvgUwwE5ZhaiUxeVZUlRH2PlVbig9RPYJAdknRJ+NqGAUQ2aoIIUqwJHHVM3HrQWBeLT9YVGefBEZhTDmBcJJS25lJJByKj4gRTKsMoapPqCKQp4ob+vXaaTg1fVNcoLinZjETmNtQcp+UTUrsGXUIQVmEkkEKSDJ5jqek2BqrDbCtc3mPnB6daV/xknjW7jE0a2hsBB/dOBJgWXeTrqIjXWKEI3efUohSkAR4gcwngIkGOp5V4bX6/6cLcj1rg2sYj8T8P8Aap4vqLtLZC2LKUlQOhT5cRwp/eAuLDTKGVZG0ghQBM50pUe9oYv/AKRXsVtEuJyE2EEAc4iYFiYGut66/j+9E6BA9AlIpqhrW77qxfKiOC1RPUBIV8+dNvMFKilShYka2kWPoecf6TnsdM3Pr+r0PxKs1/jcVA80q1TsMdRQ1g1Nw64IoqbhpmAYJsDyJ8J9FQfStU2ij37AKgXcQHkA6hR/aZOkKKkH7JrKNDWi7g7SBSpom4lxP2VEdoPuuqzRyxPSpq4rG18OMVslB/i4YmRBuhNld4iPAEq1n9kaz7A4lTDqHUWUhQUORjUHoRIPQ1qmN2c3g9ooU8ArDPKUtClaNuKygzzEpTINoyngapG/W7asHiCkA9kqVNk3lPEE8SkkA/dPGphrSMHj0vNJdb8KxmE6jmk9QZB6iq+8pWJxKWW4UoqSADcZiYbnlfvTySapWxNtvMIW03cOaCPCqwzJ6kWPpyrV/ZvstGDZXtLEzlQklBPiccV3SpAN5IIbSOJJrTI9v5jENNM7NbVDaG0rxCifCw34UqPNahJ6A86q21NnBvO826pnOjO613hGYGJyqEFQg5eBUByFL2ck4h517EkZELOIxStUl1AlDAPFthIAPNQ6VM3b2erHYsJcHdSoYrEj+ZUdgwfsoCARxyzwq4at3s03eGEwvaLTDrwC1/yo+gj0Bk9VdKTvluql4jEtplY/eISSkuojVKk3CxYg8Ygg1SPaZtZ3aKjh8O7kwyDBImHlDVRjVANgNDreREbcTF4rZvdDxeZJuwoQBOpaUSciv8J48wTwrEFLKghOXsX7IcKZHaC2R6TNxbWQQYMEVL3U2/7kpWGfH/KLMLQrve7Fdpn6eHWT4tOYBzAnN69mN4jDrxWGSXWXLvsAQsEauNp+i8g3KeMdZqq7v4BWP/5fOntGk5k4gcWlWSsAg50qsFIIixBgir1Aj2ibluYNZdYBVhl3SrXJN8izy5K4+dURbixaIrU29uY7ZS/dnm0rZNktLP7NSePuzxnIP/TXIGg1qY1szY20iUozYTEGxas2rNyDapQr7t/KstqV7PB2TysctMhhKsk6doQUzHGAT6kcqf3YwSne1fMlSjA5qUozA5yTFWbH+z3HsJCcO6HUJ0SFBCvEVeBcomSbzMnSuFo4HD5yhSS0kBsLQU5sQqezsoCcqgXTHBrqK1jOqtvS8FYlxKTmS1lw6VcwyOzUfVwOK+9QzhTaRoPx/OlrN6yp/C608VHNIBMRp/URa+p+QplrTz/Dj8qnbIwinHm0wTmUJImRN5I1GsTFpqKibw7u4x9zO1h1qbShCQqwzWKlZQTmV3lG99KprzSkKKVpKVCxSoEEHqDcV9OqTFgJtABm3DgarG+m7/vWGW2hCO27uRSxdPeSSAqCRKQRViVg9bV7O9httYVp3IO1dbzLWSTKSpSkgAmEwnLoLxWW4/dbGMqCV4dyScoKRmSSTAGZMi9b9s7AhtptAgBCEo/pAA/CmGloAsQJ+FcebSZSUhQ4jgfQj8qeDfI2/RsB/evBskmZv+Xr08qqGW8I0BAbSByFh8AIr1OBki2UHqL/AIVyg+bVOGu9oedIApQTWWig6a6HTSDSZoHg6efX9cqSt4nWm81emgUpw05hVyrL9a1zoeHz/GmK7+v9qAijWLek/hwqQ2qo6HJTImTZQtGb16X9TTsRrbzqoItmU9R+FENj45TTiVoIzJMgEwFWKVIUfqrSVIPLNOoFBsO5BqWbXGlFa5i8IztHCZZssZkKULoWJELA+kkyhY84tBqh4/F4l1obMdw/aPoXCVmSoJTYRGpgkZ5gpPE3pe6u3ywvvZi0uO0CRKkkAAOtg2KgBBTHfSB9JKa0d3GsYNpKsI0rFPYhOdKwZLot+0efPdQgSLW5AaxBUdlbn4TZjPvW0VAq+iyO9KtQkD+Irp4ReTF6DYnaeM2zjG2Ufsm0nMhseFhAt2rkeJyDA5TAiTI3edvGu4oe8grxSzkaZT4UAkR2Y8OU8IJmJUSddg3I3XRgGMllPLhTrn1lfVB+qJMep41UVj2iKw2zsJh8M0k5XFQtMklTLULdJm0qOVJ0Bzq5U/iMQrBbMbak+9Y2XHViZGcBTkHhAUEAfzEjSqH7RMf77tNTaTKUrRhEeeb9oR98qHkBRT21Y9beMaDa1IyspjKYsVOSOosn4Cgdw0JECpKXB+hWbJ3jxX/W/wADf/jTb22MQvxPuRySrKD6IgVr6Z+Wr4TeUYFxLqnEpSopS40Vd5xEhOZKNc6JkGLgFJ1BAjfHtNl7URicP+7cBcQgeFSVGX2eiSe+ORVNZq2qJOUXm5mb8Zm/OtbxLP8AxDYLTgu9hRrqf2fdPxbyq9KlazI0BPuu0cKlRSHWXUyAdQdD1StJkWuCKyze7cpzCd6FP4QaLFnWByJi6R1lOtkm9M+zHen3R3snTGGfVEnRp6wmeANgemU2g1tquRHSKgyjdPaO0mkJId7VCjDbDySVKH0crgMtz1KkjWIoR7Qt5fe8RDapYalLcGy1HxudQYhJ+qJ+lRLfrbLLalYbCExBbcWD3UC+dlnqZyqVJyp7iYlQFFAk1R5FhNJRc151c24V1HzqB+eHp/f8h61dPZ5hglxTrndiQgnQk6qB0iDE8OVU3CslagERJICQrT1PDiSbxV52Zi0NthKAmEiRIuoySSb87+lMXWhJdBAn4zI09KfSkHgk/GqONrIiICuIAAA4i1uQtBGtTcPjGz9fTMRJtJsT3hMRYjX4TWVtThkT/rTowKNYjlVeRjSPCSUpGsqUeEW5dfxmprW1gmAsmYnh6EkWHHWKAqdniLT8a8MD1+NM4faSSAZieZB/A1LGJnQT5EXooc82gGMx9AK9UxxgKJML9HFAcrAGBXqI+UstcKKcVHD58TzGkVz0rLRsopBFOkV4pHrxuPSgYIrxFOhOgtc+XxmwpNAgikxTsGu5aBWEdCSZ8JEHX0NjwP51OECb/wBIMRwg1ACedScO4VAIMSLJki2vdJ4CdOp61USUmpjDvA6UPBuenIG3PW9OoXQEbgyPjR7d7eVzDKjxtEypsmLnVTZNkLNiZ7qouAYUK2y9T0cRQbVu72GLxCscHEuOJQlpDeUpVh0XzZkKJKVKJN7iNCQSST3p2qcNhXXgJWlMNpAJKnVkIaSALmVqTp1rCMJi1trC0KUhadFJUUqHMBQvFrjQ8QauWD37WsNjEpDpaUHELTCV5gkpBUiQ24YUozLcGCBIoKlufs1f/EsG04DmDnaKzAzmTKyFSLmEifOrZ7QsCw9tLK+72SRh0Qo88xgcNQpR+7R3DbVwj+Lw+IU8y2WQ4kdoVNqUpxISAAtISrU+Faqkbf3dYxLzjroUQcgQtBJTlCRxHd8RVre1WDP1bk4M3TtBr1SP/sppe6+zkfvNoZujYSD881WR3cnBg/vVfFH9qWzubhuCXF/ZCj/kFajNVVWM2ax+4wy31fXduJ5wru/BNWz2QY5RcxTLiMiXf+YQiDBvkeAnUd5uvHDYTDm4aQrUdotOf/tjM6f6DUNze1tlwOspLjiQoJUoFtsZxB7n7xzhZQb4cqaYkHdDDsFwON5sqnJKyAgNE9xxalQlAymJJ1BAk2odtffRwYdOEYcWQkZFYgyFrTJhLZMKSkJhPaEBaomEzJBbc29iMUoF9wqgylOiE/YQLA9TKutDQistEhPp5CAOgA0pLq4sK647wHxpkCoPJFOzHmf1H6/vXED/AE/vTzKQBmUATwQoEhXJR/kmb8wRwmop9JLae7qsRJEhKSO6B1XcRewtY1IO0oTlQQqDfM0mAI0Tewt00NDXjmVm0UrUSTJtfvGYueJp5tIKhIIhEqGuiUyE87yQDpznVQXwm2lhXdCQbwrKZgkG/qJ1/wBZ7O18xEgWtmAAE+fX0EjgNK5hyITJAAiZlVhzsYEi0DQXmpASkITAKVaz4bXPhMzeUzyTpVqRbE7SBnLmCSJWolEEwM0jWAVTEcb61Lw+PzmyoIsQG1DSbixy6yReOI5VTBvnNmFlxmCpHAk3HG3ARpFSe0E+KLQU6kgwSSY1Fpvw00IUi1Jx0GATyBQbzoQbG01NVtBWoWTAkyoSZ4XFp1trVWbUEyT3cwmSiygYCVZhr9HXUAQeNEWcYNUpOlp4G4OUiwJEcTY6irUiwIx70WCzz7416wgyfh5V6hDWOC5OResaLERwt+d/lXatIxnhcev5fhXOz/XGiZwkyfO5MX1rhYP0rk31ufO/96w0G9mdI/vXS18+X6tREYUwT5CI1BiCDx1NOJwWhuOd9KAWhr9WrimPOi7eAzaa8h04n/auLwf8sDrPCeVAI7Lp1muhsadOPHjAiiScJaZ05z+QikjBm9p8vz+dqqB2T9GuKRU9zDRbnHP4i19D8abVhoOmmvyoG2XAYzKg6ZpieUnhbjBNdUcvikHgnUxrJnh+NJWj8B+vLWuTbKfjxHlzHSgfQvlUhp+KHgECREfq0cP1FOpc5/jQFUug0rLyoYlVOoxBFBPQsjSfQx+FLaxCknMk5VfWAAPxiaiJxVODECqCI23iBo+9/wB1wfgqmMRjnHBC1KWP5+//AJpqN26a4cQmgWVGIFhy0Hw4UnJTasVypleIJqCSpQFR3XppqTXhRXQKWbCeA48tb9dKSjvW/wB5/OiuE2eRdwaCVAd4DTxEc5628xUDGGwslJOhtHFROlybXOvG9SnGioA8xwzAACCeAFhwkaTxBqWy0QUkT3TEiUmO8J4nT9RILgSO0N9AU5TPUZRmGsZuPLiDEVBGGE6Zp42GWZ1vykwOMeVeOB7pueKoNojSfRQ00oqhgpAUUnLE6kWMWAIN+9w/ua82ABoc1lGLd0hRzC5yyk5rzASq1AMRg794QSdZmZmIHKT5iBbnz3Ynh5zE6xrPM6cDRppAyZpgFBI7xJTAjMpSvMAa3y0vDsgd1KQUqUTFwmCLTA7v0gZPBJvPeIERmnuqzXPSLXjpEzOkVIKCAZAnWQQmQTIyqUY4Az1vpeY1h1eKCZEd++VRE5gFAZYMDThbS8hvDpvcpXZIEZZiBwINsxsAOZFoqiHjGJJCFKUMpKEqTJykjLYeI3PS3WnC2QO8IzhNlaTN1AHVMhUSY7mtrrCUNQSvLYkzqI4zoo5QBc89Lkv4ZCVDulMkSAAJITIVdBBMgwBBsDewFEKaazZjkkSYOUm2uua+teoiyyiBJP8AUr8QBIGkm9uMV6qK6dnAAzbjB4G8QYnj60j3KQQDpeQFGeYAE85vw5UfweEbknLBEDVXFJVxPP5UQQ2MgXEk8ySIBgCPWkKpo2cqLpTOYCRHndQPlAg/lTY2eQAtSAkSmZOkjMAe9MkDT8ONnSmDlGijB0sBFhy1p19kepEzA5xAgaQPmakFVb2dxhJAIAuL/AyLHzMcZqUrZIPdE6ScpHU2EaSDpaOPGrAvDpBsBc5fLMkyR17oph5kRPFQgnjcLJ6TpfpSFBE7PJMAgydJvNpABAAV68fUITsdRnLGUdEqkWkzM+UWuaKsYeUuHMoEQREam/KiOHwo7AuSqUpVx16mb/OkVVndjpEZx3SdbR9IAcx4eXKaT/waDOZJHS/OFAgRFv1FWArUBnCiCFGL6RYHqRHGaUi6gkyQSRqeARB8+8aqKg9sUkg3FwJiemmvA1Fc2CsDTQ6jnPE6T0rRG0ZspM3TJEmDKUm86iYt0A0qO40FpCjbNKe7AiE2Ijjcm80Gbu7EXGZI9dPSPh+dRHsEtJgoPmBwtHSJ8ta01aO8sSbGNSJEkXiJ5+grhw6UykaBOhJNriL8LfjQZaoEagi8aR8Z48fUV3tvUaaRf9RWlYZtLyQpxCSb8I0OXhfgPgOFqdxW7OHyN9zxryG/CSLctBQZl2o/V/wpecc/jV0x+7eHlIyRdYkGJym0xbiaEK2Gz9U8vEeY/vUUDzDmK7mHOj2E3fZcJkKEDUK5Wm/OKbTsJo5fF/V0JoAmcVwvaW1o6NhNW8X0uPEaH9WpxnYLRAJzc/FGmblQV+TI6z8o+dTGcGJkkRA04GJvGtiPgaOJ2M0BYGYVeZ0k8anYfZrfZhYTBgnmDdeuabdwfqKAdhWUpslIBIIJiRPOw73ry9KIstSQoT3Qoqm3xteLaW051MwzSYKsqZSBBifplM34216nhapbOETMiR3Aq0WNiSARA8RHlUhQ/sVECCOMi8dBI8PEAjpfU133MXCtZkynSM2W54SPkbmaKFIEWGsSROuW9+sHkOVzMxGz0CIkZiEyIkTEkW16meet6sKrzeACVApjukq5EcuMgkAkGZFzwp5DRVlKiCrLBTmIusSDmuSZF5mRcgcC2IbCA6oapzAegm/qpVtLmmVPmSD9FWQG8xMcD/pViIIXnKo1iFpTIkXgQf5SYmNOgAkpbRYylI7psTBmRJsUi0dLDSimKUQM8nNIE+RMfhr1NQWFhUgpTZUAxcBKhxP6+JlBGVhzBUlY8QMHKb8bT3bibi4BFJXiERCu9FwkJgwIKYgZtAZBJFz6E8Q2EAqTYwVepJmefhGs6UnHbPQEFY8UKVonWAeXz1oIuHxLShfKO7HdBtEmSCBm4XvwuJFKZbBAyqGYEEpzQFSNSSLAQmNQOUA0plhIIESE54mT4UqI+Y4VKsZ7qYACojUkAH5WtFAMXgwCQVqGniAJ0ESr6Xn6cK9UlzHlEJSlMRMd63OL87+prtIV/9k=','Image of tire',5);


INSERT INTO shoppingcart (createdDate, description, customer_id) VALUES
('2024-01-01', 'Customer 1 cart', 4),
('2024-01-02', 'Customer 2 cart', 4),
('2024-01-03', 'Customer 3 cart', 4),
('2024-01-04', 'Customer 4 cart', 4),
('2024-01-05', 'Customer 5 cart', 5);

INSERT INTO carPartItem (item_name, quantity, partItemsCost, conditionOfItem, car_part_id, cart_id) VALUES
('Spark Plug Item', 2, 40.00, 'New', 1, 1),
('Brake Pad Item', 1, 50.00, 'New', 2, 2),
('Battery Item', 1, 150.00, 'New', 3, 3),
('Mirror Item', 2, 60.00, 'New', 4, 4),
('Tire Item', 4, 400.00, 'New', 5, 5);

INSERT INTO orders (total_cost, orderStatus, orderDate, comments, isCovered, customer_id) VALUES
(90.00, 'Shipped', '2024-01-01', 'Fast delivery', TRUE, 4),
(50.00, 'Delivered', '2024-01-02', 'Satisfied', TRUE, 4),
(150.00, 'Pending', '2024-01-03', 'Processing', TRUE, 4),
(60.00, 'Cancelled', '2024-01-04', 'Cancelled due to delay', FALSE, 4),
(400.00, 'Shipped', '2024-01-05', 'On the way', TRUE, 5);

INSERT INTO orderDetails (orderItemName, count, price, description, sizeOfEachorder, order_id, partItem_id) VALUES
('Spark Plug', 2, 40.00, 'Details of spark plug', 'Small', 1, 1),
('Brake Pad', 1, 50.00, 'Details of brake pad', 'Medium', 2, 2),
('Battery', 1, 150.00, 'Details of battery', 'Large', 3, 3),
('Mirror', 2, 60.00, 'Details of mirror', 'Small', 4, 4),
('Tire', 4, 400.00, 'Details of tire', 'Large', 5, 5);

INSERT INTO payment (payment_number, TaxAmount, shipmentCost, TotalAmountPaid, paymentStatus, paymentDate, paymentMethod, order_id) VALUES
('PAY123', 10.00, 5.00, 95.00, 'Completed', '2024-01-01', 'Credit Card', 1),
('PAY124', 5.00, 5.00, 60.00, 'Completed', '2024-01-02', 'PayPal', 2),
('PAY125', 15.00, 10.00, 175.00, 'Pending', '2024-01-03', 'Debit Card', 3),
('PAY126', 0.00, 0.00, 60.00, 'Refunded', '2024-01-04', 'Cash', 4),
('PAY127', 20.00, 15.00, 435.00, 'Completed', '2024-01-05', 'Credit Card', 5);


INSERT INTO shipment (shipment_mode, shipment_status, trackingNumber, weight, size, count, order_id) VALUES
('Air', 'Shipped', 'TRACK123', 1.00, 'Small', 2, 1),
('Ground', 'Delivered', 'TRACK124', 5.00, 'Medium', 1, 2),
('Sea', 'Pending', 'TRACK125', 10.00, 'Large', 1, 3),
('Air', 'Cancelled', 'TRACK126', 0.00, 'Small', 0, 4),
('Ground', 'Shipped', 'TRACK127', 50.00, 'Large', 4, 5);

INSERT INTO reviews (comments, rating, customer_id, car_part_id) VALUES
('Great product!', 5, 1, 1),
('Works well.', 4, 2, 2),
('High quality.', 5, 3, 3),
('Decent product.', 3, 4, 4),
('Excellent tire!', 5, 5, 5);
